,content,uuid
0,Business Writing Tips,8be2e4ad1f0a4f65b652385d7678a3a6
1,Disasters,25cbcefe18d643a0b6a612e9318a437c
2,Meditation for Dummies,ecd16d6e22674b5497519f790421e4c2
3,The Cybersecurity Playbook,cc58b026608947a096802fc6f52a94a0
4,Building a StoryBrand,82bf0c40cd574bfaada4593e8e0e5783
5,The Time Trap,4723e0554b38481a841815d8465a33e4
6,Saving Face,f5190721666a40c4bf9c3353671566eb
7,Extinguish Burnout,f7967ac4154d43a499bf6e33f4db4075
8,The Instant Sales Pro,96fddfad667f46928b13e634f4a59ab7
9,My Morning Routine,af22533af3c745d9a29287a48e5e64c5
10,The Silo Effect,d3729c7c3bbf48b2b2b89c261ad21083
11,Negotiate Like a Local,04b54acf06464c33a3460ee90d5b15b7
12,Getting Past No,d4cea2b38ec542e79b85517fe1cd82ed
13,Making Remote Work Work,d2a7130e6fc34c929bc8308b8aa15433
14,The Gumbo Coalition,9e0e92791ddc4efdbcc88e5e823e3eae
17,NeuroSelling,3a0f306746c24b058aa322c78fb1b92d
18,The Happiness Advantage,0b55b23464ed4c4c9a18f50d36eea51d
19,Mindset,d306521dc6fb4ba6b58a755fad78d7b4
23,Gadget Consciousness,f7437daf155f402e8ee18e6b89c7d7cb
26,"Thinking, Fast and Slow",ec48fda41ba04a1d82e944aa60f24ca5
29,Simple Habits for Complex Times,b9f774b651e3480c9b8b20104043b180
31,Going Nowhere Fast,61fca5da9c73442d823db40f415987f4
32,The 12 Week Year Field Guide,481679564f0a437e858756946744333d
35,Brain Rules,654b6ccacb7f4ed3b9c8203dcad024a0
37,Grain Brain,1ea27823529840c58ee86aa52a589583
38,The Happiness Equation,a141b3182fa8452c8fce9fce53bae330
40,Mind Hacking,f3fd563c631d47afbea79e7392ac17f6
41,The Globotics Upheaval,bafaf21b03484c5cb64ba87f12f5243b
42,Radical Simplicity,6440864424714610900f0355ba5a5b2b
44,Freedom from Anxious Thoughts and Feelings,be5571c373fb4ed2b9b52a6709e83bf0
46,1% Better Every Day,a7f4e6e0528b40e1938960ad2ea463e3
47,Unstoppable Teams,cf3049f1fa8d409d93e218a3d21f8c36
52,Design Thinking at Work,6233ad7ac0794c4188f1f5d4580c2ba8
55,The Ultimate Sales Machine,f2dcda4e9baf48e9a551ae872af89ec1
57,Mastering Collaboration,013522bccf5b41c8a0bca5f055a09c6b
58,Supply Chain Risk,f6aff22426e5493180f1f070e322aa05
59,eLogistics - Logistics for Ecommerce,80a53a1273b345128fa3a2bb9211609a
60,Why Everything Is Sold Out,36181473e1d045948c0a6252d94e32d9
63,How Supply Chain Transparency Can Help the Planet,d6c8af16b0f54621ac5c21c0dfd782c1
66,The Street Savvy Sales Leader,a8c4c1d1f15e43d5b70bd9fec7065a2c
67,Too Smart,c9d29a12381a4e69b58c42319f8a8fd7
68,Chinaâ€™s Supply-Side Structural Reforms,7137c94cbd3b4b70946c7bd550a49f41
70,The 7 Habits of Highly Effective People,be29f5f89b4849b2b0b31f5e4c7f82fb
78,The AI Advantage,93701dacb90849469679cc2d91e40696
81,Lead. Care. Win.,3ad230f945c44988ad0bb3a9ef97d11d
83,The Ethical Algorithm,2a3cc9185fda434bb89cc6a146e9db5f
88,Atomic Habits,7563379c452b4962966921e32075c6d2
90,"Selling to VITO, the Very Important Top Officer",0f286f4c22654703aae7bf36035caff3
91,The Intelligent Investor,38c6ec37412b4fb098e9dcee659c6683
92,Deep Work,8543d611dd784be9af4f81436edba291
93,The Laws of Human Nature,8b3e8ee5a1634563a328badafcd6f0e4
97,Improve Your Virtual Meetings,bad5ee95203443078e772a17cc1b4320
99,The Age of Agile,8a1a201cd7334471861dd2f4d2452d99
100,Testing Business Ideas,da2c7eb28f70499b85a5acf9af6f0fea
101,Mini Habits,37aedfc3c9324ccfa1eaf45ee94c5458
103,Eat That Frog,5b92278f33df47099dd8441d1b8a6982
104,The Motivation Myth,3b41f4a2028042118b09eb2dd125f82e
106,The Power of Impossible Thinking,0a7f897ad20b4839bdd687421596c779
107,How to Beat Decision Fatigue,7a12ff394d434a1bb996f7235a4b6224
108,The Stress Code,09046276639d48d7bcac766d9c2ad176
111,Making Up Your Own Mind,346c5361f7894d37bfddac89161d09f4
113,The Velvet Rope Economy,d6bb4ba4c9344f50b39122d35ccd98e1
115,The Manager's Path,80f4651971334ca9b047e6636db40130
117,Live From Cupertino,4fc147a10f2d44e69355341f2548b6ec
131,The Art of Innovation,bf9ceba34e494b299e422bafd5079d2e
134,The Impossible Climb,316412304afe49f6af08745d13b6ac6b
138,Sales Don't Just Happen,d7481332f2fb41aca7bc7524be91c0f6
139,Beyond the Sales Process,5e05fe24dde247cb99881516025ad071
142,The Confidence Plan,53df38f01e3a4b02a4dfa856e6f888fa
143,Health Design Thinking,5f64008641e842dcbff9788bfffc173e
144,Cybersecurity and Cyberwar,6346cd711bf9429ea03b87e8b313977c
145,The Courage Map,4904f0ba0d8b45ffadad132f6a9bc921
149,The Future Leader,958cca7e8c0e4e8e9ee8191ce1708263
156,Speak to Win,33f3306fb4e44edaaaf549880a4fa5e9
159,7 Mistakes Every Investor Makes (and How to Avoid Them),b757dd6350904187bcc9c249d6ba3793
160,Presenting to Win,2d590d36235b4d1eb82d6dae94454292
161,The Wisdom of Finance,eee20135bfa346d98259157235bdae64
162,Crucial Conversations,d4d9f7a51eef4edaa68a02b72d280f39
163,Measure What Matters: OKRs,7b337abe1fdd477b9c372cc723567a7d
165,Rich Dad Poor Dad,fe07b7c845bf4dba83ba68365dff06ba
168,Serve to Be Great,5e7a087f931c4f688e37be7b31cdf274
170,Turing,73a7c28cd9a74e3288ef61f036c7103f
171,Dare to Serve,f7b90af3d9754724a17ce7f366743160
172,Servant Leadership in Action,0a72c0093af6433493c618183b679007
173,The Servant Leader,070ff3d59c4740168d2b540ca8da2a59
175,The 60 Second Sale,c409d13d31a2423bb231f9f14c930b5e
177,Better Than Before,e3345e488a6446828adf115e04c74bd0
179,Social Capital,9610d9e36bc84d3ca7716e67c825869b
181,The Alter Ego Effect,8802f8f280ac4774a43dc3045753543e
183,Career Fear,e99146794663402aaf320cb1fe570062
184,Virtual Selling,aad0f66a466e49cba9289940b640b697
186,The Culture Map,d3cfd0bbfd154dcd94ee848b1f3d590f
187,Designing Your Life,8487a649b1454dc9b7dac73e7fbfb664
188,How to Stay Calm When You Know Youâ€™ll Be Stressed,c1d7d290afc14ede9821344a8875febd
192,Welcome to Management,671faf2b99f44fe6b04aac01d72dd6b0
193,Ultimate Presentations,f0c5a7eaeae7474a883d8e13d38137e5
196,Every Company Will Be a Fintech Company,073a8f14342d46c98e9d9095e2070113
197,No Filter,64aee98e580945298b6e8d305faadf35
198,Capital and Ideology,9814c63cb72d4310b42d05a1a6c8bf12
199,A Former FBI Negotiator Spills The Secrets for Winning Any Exchange,fe70b8e122714809b21ba48ad4b8e709
202,The MBA Reality Check,5367bb09cce446ddbd9ea8ea5d8131d2
203,The 12-Hour MBA Program,4723d4d84f6a4c37a140cf39d4cf4385
204,The Obstacle Is the Way,8e6d36213b204980bfacd26a92400a28
206,Range,b2ee7cd6262e409da826831e77d18141
209,Stillness Is the Key,8fa3a61235494132ae149fce47c532c1
210,Dance of the Trillions,98fd44da483d45238d6ebc5c13d07357
220,Deep Medicine,fa40e1b86b144a318a712d0067ee6fe9
222,Financial Freedom,2a9526e431294db2aa42781371d2ab78
226,Sales Growth,2829ea83808547d58b1dd835f987b1b2
228,Sales EQ,51e31fdd080b4f85b59a7e00f2851843
229,Sales Promotion,8c19a1eb99454c2aa9a2065a1bc81bee
230,Proactive Sales Management,0cb16bce06e24005ad63e55d23677332
231,Utopia,d2f629a1fe8b4218b6a9edfe79437ef1
236,Dare to Lead,df42df1e7860447392b8073868c0df36
239,Braving the Wilderness,45267493cfbb422f8b790ad9e24283eb
240,Rising Strong,374b0a2a57bb443691063db17b7dc62a
242,Barking Up the Wrong Tree,d18c382231f947329da008ace367db0a
243,Daring Greatly,ee39c58cf8a6432fa2fd7b3f7bb12aed
244,The 48 Laws of Power,64638ff81d514a0180cd7745073fee16
246,Radical Candor,d923766090f74aa599c7d966e23507ee
249,The Blockchain and the New Architecture of Trust,2841a52cfd804da38eddf660cc3f451f
252,The Coaching Habit,3ee9f9e255334b2f91b0a52b79a3b6da
253,Fighting the Gravity of Average Performance,e6146c62d84e4044bf5548081fd929cb
254,Understanding A3 Thinking,a5838d2aac1c419d9282611f356e4e8e
255,Marketing 4.0,6ae3c1ab93664155bc5dd19ce7ae9990
256,The Leaderâ€™s Guide to Mindfulness,9227a8091e1f4d0a894c7cc45cea343b
257,Taking Minutes of Meetings,17ba08f62b1642e5866f444cb1c2eeba
266,Start at the End,4a4341b36d30472d9d6df36b01bcf517
267,Workplace Learning,ab0ba7be9d0b46aeae91f825bc99fef0
273,Lean vs. Agile vs. Design Thinking,8f423a472e434b34b225a0688f252128
276,Three Personalization Imperatives During the Crisis,4b371ea84ad94ef8ab6c761066d23023
279,Turn Enemies Into Allies,d56dad6de1b0443abfa29b4dd786964e
281,Predictably Irrational,373a321353be445c9e29e41e23c0c677
282,The Future Is Faster Than You Think,1bfdabded1e54a3fa96f4ab3298271c1
283,English is the Language of Science. That Isnâ€™t Always a Good Thing,beba69e01e4b44ccb0dddac0017bfd09
286,The Playmaker's Advantage,fda00f6810a34007897275a4cc71d1db
287,18 Minutes,f9272822209740d7b8fb86e478723baf
289,The Brain Advantage,4fd6161cc7b0468fb52acb012529b67c
292,The Rules of Contagion,3f77ec6e246348f6b464e3cb827d3ab3
294,#SalesTruth,0cabf10f06d748e98813da425a48ca82
300,Mental Health Strategies That Work and Donâ€™t Work,3fa309bd894c4f5c9a32219c49da20e5
301,The New Attack Surface is Your Life,14262099f496482996929bf02cd6f3c7
305,The Only Sales Guide Youâ€™ll Ever Need,84da79d565324ba8a13c894a8650e46d
306,Work Together Anywhere,5c6e7e4eb93349c1ad4bae9b5f02b014
314,Effective Sales Enablement,72ac79a1a0364ce3860289fa2c8aeb19
315,Lean Production Simplified,0b3755fc1b214c15a44f1210139916d4
319,The Second Machine Age,bbf3b20485f5484aa1b2aeeb9f9a649b
320,Human Compatible,76e63ed2d2354183b65d40c72d43828c
323,The 5 AM Club,75da49d34c02412291027c27964ba841
325,Winning with Data,a93232ff1b2443c19f2bb0838bb86c52
332,How Do Banks Interact with Fintechs?,13019c8ad2a54279bd58080891ef5959
333,The Business Blockchain,7e6cbce9fdfc42f8b0f8ac7f2e9b6c6e
335,Performing Under Pressure,634f7870070b46c0a5d282ae95f71edf
336,The 27 Challenges Managers Face,8bb30b864dcd47f797589529af57ae4c
338,The Successful Investor,b7ffd0cb7df749efabe98e1c03c8082c
342,Chaos Monkeys,e4bd9790971b4376a0d3df9f2619acb8
347,The Four,355c04a85ef54cbf96c4cb2a039cb3eb
349,StandOut,2020b4a6d5ae4509a72d5b484b923034
351,Restoring the Soul of Business,c97eab85f55a49b08261aef18a85a5d3
352,Focus,fbc669c342fe493f9a3c5b3d516ed4ca
355,A Mind for Sales,6a2c22e82f104ffaac02756e746c4f5b
357,Make Your Bed,0841ca4810534de0948d5f3781fc34eb
365,Aware,9e23d8893ddb421a984f82328c468f70
368,The Listening Leader,6709fff83ed34eaf9e4d699b1c90628c
376,Women vs. Capitalism,b671939112394a24a28caa674406aab7
378,Zero to One,23bbc747e1ab4c7bb2ad5b6e09006c02
380,Dreyer's English,5bef302582584501a84e780e6e94c94c
382,The Founderâ€™s Guide to Writing Well,73db0fbf2d084d90ad535727175fd7f7
386,Sapiens,32748904296c4ed0b9080099238b33f2
391,The Advice Trap,d303f1f2b9b94d2d871919ffeee7c9a8
396,The 33 Strategies of War,d93bf886f86e4bf5a7d2946b03eda379
397,Communication for International Business,5ed4e4e33a824668a1112af5aaf8a051
398,Skin in the Game,e3f8e973eb5b494b9f90a6f81f165016
399,50 Erfolgsmodelle,0376fa01466d41babbe8e145d3decdbf
401,The Long-Distance Leader,2fe711857ee1438db3880dab05b524ce
406,The Do's and Don't of Online Video Meetings,dba67607e5e64b56b9b0bb5acb451fd3
407,Triggers,6ee362dc4cde470c9e2f4c28861d44dd
411,Churchill and Orwell,7fcd9bc00c314e6fa95ce025bbe89b99
412,Hidden Hand,18c5ce5fe0554f539bb73df1850c7737
414,A Passage to India,6bafed4b6e004533b02357451c999d23
416,21 Dirty Tricks at Work,c876a62a3a9b4d7aa2ca188aa784a969
418,Nudge,01963623a6c54e3ebf7afead04f2578a
419,Give and Take,5af6b5237327461ea340b3432db82ce8
425,Mastering Civility,0079e692fc894fc8823e0a12475a9d34
436,Ageless Marketing,2606f221ce1947b38a4a07eef289f537
437,Hacking Marketing,0cc947d3d68d41c580b197e4a959cdf8
438,"Serve Up, Coach Down",39672f7e0e494e088d1df327e52da3f4
439,How to Lead When You're Not in Charge,35e4cd27695c4341b9197964b5066002
440,The Right â€“ and Wrong â€“ Stuff,810168e43442466b9b27db461decc14e
441,The Fix,66fa2b8e12394b9bb68d41060d034225
443,Leaderâ€™s Block,27d689e2bac349d8b34a7a32157b9a6d
445,How Google Works,89622d2d76a8418c9627850220612f0b
449,The Courage Habit,ba6cb3941f0a44adbfd56fd2f636c6e6
450,Step into Your Moxie,dea2b499f44b41c69a8d03021c489686
453,Product Management in Practice,a340dc6f91a0432ea6d963b0392a7895
454,Storytelling with Data,e888c5db55fe4eb6a3e67496c95a4932
461,Invisible Influence,84f0ea87c6ab460eb9bf5298a59a0bcb
462,How to Win Friends and Influence People,6b7fdb737a244b9c97058c400b7ccb9a
469,The Leader Habit,1e9a25af14644fb3aebb867efc219f22
471,Game Changers,3b54134e430b4b809e7ad3a1ba44886b
479,Scaling Up Excellence,a7c78a3803124c87bb98d6f3401f8961
483,The Biggest Bluff,48b3ed64560443d897826be0dcff0ed1
484,Thinking in Time,2473b5f3a2c14823bb4296623b0c2bfc
485,The Infinite Game,9a08f4dc69124af0a576880eeefc3859
488,Thinking in Bets,f2273e1fe88b4b0aacb9781491b6ca4c
489,Humble Leadership,00f716c921014e29980d321ca6cd5b49
490,Cracking the Leadership Code,543169f2f1c04184bd50b01d7b3871e9
494,Creative Confidence,68df88ba463e4e04a19879d25db8257f
497,Quirky,fd69a0f5d2cc43a996df2e43bb54fde0
498,INKED,a86efc09612a40d792a0228ffa3c8244
505,The Logic of Scientific Discovery,f59543010a2348eabde9a0b8fa7925bf
506,The Outcome Generation,1e2cd27dc03e415da3356e8bccf066d2
509,Open to Think,a5e2c93404bb46d3a04bad9bdc8366e6
510,Hard Work Is Irrelevant,1e324586f523400a859ed92998217b03
511,"Youâ€™re Not Going Back to Normal Office Life for a Long, Long Time",387bd73172e2415fb29088f840210fb3
514,Why Things Go Wrong,3ae91eedefb74ed6a4f9c133da779fe7
515,Antifragile,a9e1d8d4420b46eaadea1ecbb7f94d4a
517,Why Remote Work Is So Hard â€“ And How It Can Be Fixed,ae54afd5412c43518d818c48c119bbc8
518,The Pain Relief Secret,0b0d687f5de64e92ac9b6e9c3113304f
519,The Power of Habit,b0d6cef57273460cbe6f13559c2a7bba
527,Visibility Marketing,a06cc95a44d941d39244677e6f8a7335
528,Marketing Accountability,f8b8afb8d65d42de972ccbb0c20efcb3
544,Words That Work,a4e5ffcdbe8d4d5f862e35f7cdf7dc6b
548,Subtle Acts of Exclusion,705fc5c9ff924d8489cd1f40caee50ef
549,The Little Book of Big Change,918df2e0208542b38b4afc556ccfd3cb
551,Iterate,4e4071d67e254fbd8a5324ea2255439b
561,"If we want more companies like Patagonia, we need laws to enforce it",d82fadb838344c25a738c0f2bab06fdd
562,COVID-19 Risks Outlook,0cd1e94cd9cf47299a53802e72649d96
564,On Growth Mind-set,9cb7ed5cd4164d599aed316e81657df1
565,Seven Steps to Managing Your Memory,2854524ca9664de092c41d3c64eb3e86
571,The Right Kind of Crazy,53b846872f8f4a92828ffade38fd94be
580,How to Be an Inclusive Leader,02dd3d117e394189a018ef85613980cd
590,Lead and Disrupt,a84627b5da1e41f3b391706359e1e420
591,The Surprising Science of Meetings,a42052c3771f4174b7936974f4b843d6
592,Innovation and Its Enemies,fb355db8278946e19436dcadcbb71779
593,Radical Technologies,467989a2ff984cdbbbdd7b99313aded1
594,Better and Faster,cd3c16613ae44a1982d37571fe2802ff
595,How Leaders Delude Themselves About Disruption,4af380a8a74b4537ae571ef7da6b1909
596,Out of Our Minds,754b2ef0d2524591a4795c0d75b08bfa
597,How The Mighty Fall,3ca68eb8a10a495982daff1c082d148b
598,Algorithm-Driven Design,4ade1b9be7ae4bbcbd0d63a669b1e0ae
599,The Top 10 Cloud Myths,590e1410d4ac40b1ab0e50369c05ef42
600,Think Outside the Building,64349771f5654190bd8cbfc41c2e2b86
602,Evangelist Marketing,b941a080107d4ab896aec76580281f39
603,The Start-Up J Curve,574aef7163514115b13d454712faf8a3
606,Nonviolent Communication,f80adc0d62e04488ab45e0115bb1f16f
627,Informational Interviews in Professional Networking,37f493088bf347bfad70ffefa3ba12fc
631,The Age of Thrivability,95154a37d47c4eddafcc7f0b37f95298
634,Emotional Habits,77f0ba0409be412ab36335a3963bb220
639,The AI Economy,a0e36d1226144dd5bd1ea2c57e915300
640,Unlocking Creativity,6a7cad4e602347d0bf1575babaa6a561
642,No Excuses!,be2dcb13aa34462a9a2f9aeb999b2d55
643,Critical Thinking,605de88a538c43e593d8f5f09bca9204
648,The Introverted Leader,cdc620a919c9408caaed5763db2120a4
649,To-Do List Formula,bff869d5027a4bba810c773708987211
655,Raise Your Game,16f1e3cd03104704a6600b4e023ae82c
656,The Decision Maker's Playbook,dac811589ffc41c48872cd21d6d0b935
659,Clockwork,0539613b28c84ae48646d6f7b9433b61
661,Lead with a Story,d56899f007204d6aaee921faffc0dc19
663,Everyone Deserves a Great Manager,8043eb787af3432f81be7a1564ce7d81
667,Unlocking Leadership Mindtraps,443709ea9ffb4076922e4cffe2abd68e
669,The Fearless Organization,dea8541ee2fa4bb9be2ec6fc65906e0b
671,Nudge Management,9af1b96255d246fd984d7410593412d6
678,"Wherever You Go, There You Are",d017616bdad84dd39bbfac4ef406c86f
686,The Purpose of Capital,a6373ea960ac4656a527f47273741a62
688,Take Steps to Counter the Loneliness of Social Distancing,b0df9460b6134073bcabb15eca485e49
691,The Essential Art of War,f736fd0b2efd448db2ad1b835e72969f
692,How to Turn Stress into an Advantage,63a63efec14b400aa1c7489b2e971967
700,Confident Data Skills,684134d57d77420bae490d8bd6607536
708,Off the Clock,c9e2f06dce894c969032797884b8b0ab
710,Bring Your Human to Work,64760756c0b84b07b89370642dd11dee
713,Reimagining Capitalism in a World on Fire,49c5417f13494f60ba9e60357601b331
720,The Remote Leaderâ€™s Guide to Managing a Team,6dc1b40bb54a460cb0e221a4ce626c20
721,Leadership Team Coaching,100b2184ab0b4866b6462e4ce00f2cb2
722,12,6f315c12604446499266e978c03125ca
723,Tools for Team Leadership,04bec6e3d42741eca9bd6c40e67aa950
725,Competitive Advantage,fb7c6aa2a9664d38b613910a3240badc
729,Leadership by Algorithm,398eeaf4b6724c7d923ff1ea6926254f
736,The AI Organization,400a68e5112647979e5f2605179d01a8
737,The Deep Learning Revolution,ba362a469339474fad14ef6fd33ed4b2
738,Click Here to Kill Everybody,8a691569203743a596cfdcb9ede4ea18
739,How to Create a Mind,316fa07f47b24821917a25276316b0dd
740,Strategy For and With AI,2325666ef67c4a76a31e17cd1e747e15
741,Homo Deus,99851fbfbfbb4979b78dabfe137f5cff
742,Top 10 Digital Transformation Trends for 2019,efeda320f0234f608373b9f49a10303c
745,The Third Wave,34dc15b9fe8e49d98bf12645190a1dd6
756,Stronger,1b6debf93330437eb665cd614ed49586
757,Simple Sabotage,baa4e42cdbc44636a598bc9827940000
758,Pulse,62dc9acbbc674113ad9c34f8269057b1
759,Change Anything,80096a140751442bbadb302f8c1a3031
763,The Intelligence Trap,680352b1557d4775ade9ec70cc8a87fd
767,The Most Powerful Woman in the Room Is You,f001146fd1914df1a63d2ca87abd96d3
768,Objections,706436f9de4c4a809ef186b30cb381d5
773,Writing to Persuade,dbdd385d39b94895a2b514b77286173d
774,A More Beautiful Question,2d98f155ad784215bf2230f8b03b5847
775,Common Sense,da1d8f4ac4dd4700863e127507fd184a
777,What The CEO Wants You to Know,843263e41ad8489591d70c1e034c91f3
778,Simply Said,2011be8c9f0849f48e3c70bc96c0f969
780,Problem Solved!,b6440210393947fdb89cda5c9d576d7b
783,Communicating Change,dfde189db96841ea99bd4abe1d4fd02f
784,Manâ€™s Search for Meaning,5a3e353397af4c50a1f41a88751adfbf
794,Great at Work,4e746a3510074dceb149b13201bf9f7b
801,This Five Step Management Plan Will Help a Remote Employee Who Consistently Fails to Perform,a6536e9d1e1f49cb8263913d1a018620
803,The Big Reset Playbook,c9feb83f1341454994508baa82ce8aa2
804,The Unashamed Guide to Virtual Management,44192ac8a8a14f96aa610d38e3e8d7a2
817,The Power of Now,552d9eccb04a442585ee8a72a1affb18
821,The Little Book of Common Sense Investing,78149c4feb7e49b7b98e4134aa2a26a2
824,The Relationship Economy,af7e7f1f987c45f9a09deb3d2a6b7ffb
835,Execution Plain and Simple,35adb6e9abde4fac81db36af4d109c8a
842,Of Mice and Men,78b94ffd7e174cf0b3d603dfbb79fc7e
843,Digital Minimalism,b8f16baed14a41128e809c6fe5fc1851
853,Strategic Doing,c5bfaec7dfc24201b8eb086e076cebf0
854,Strategize to Win,92792ec3b58b4721a3540ef4bea6ee5a
860,Why Does Writing Matter in Remote Work?,f6eaa074352048a8bc43c2f88b0ed698
862,Problem Solved,057aed2716f44d0eaf7ffa27082e7fb1
863,The Art of Thinking Clearly,7bfd99c9ff014a09a494f8eac9663953
869,Genome,6e172aca39714d46a844edace22a7a4d
870,Cure the â€˜Mondayâ€™ Disease,6633e3623829473789dc1b88dae7bb3c
877,The 30 Best Pieces of Advice for Entrepreneurs in 2019,c4662e603d24438a87964c5114b3f690
884,12 Rules for Life,de2af1d5c61d40d9816303033bf6f2d3
888,How to Ask for Help â€“ and Get a â€œYesâ€,3da7423e78f54eb8923a59ce1f188d21
893,Data Feminism,0625b62c502f429699784b3140ddc218
897,The biggest risk in business right now is grief,8297a15a83bd4a1eb905610d9045bae3
909,Who Moved My Cheese?,62b0c444bd5040eb95d513eb552d6211
910,So Good They Canâ€™t Ignore You,6573f67af73a41e292805de8eb547822
912,Do Over,acac80836ca340dabc5ef8b582ce5601
913,The Bubble Economy,66dce8bc144d42fcaed636080f544403
917,The Fast Forward MBA in Project Management,b08cf23a998449e19bdd98d9c102f96f
919,Acing the Interview,dd39fc07a56542b59f1fdebb87d34cc4
921,Great Answers to Tough Interview Questions,fa3798eb98054150b80e6d272e175897
923,101 Smart Questions to Ask on Your Interview,18c6a4ca6f8146f59b65d5e794da8183
936,Microlearning Short and Sweet,f1fd0a02e226429a9991556975696be1
1065,How Brands Grow,2bb7d417eb3840ebaa3bd24ecc462825
1067,Leading Meaningful Change,a49cf76964454a719acb4fa23090e073
1068,Becoming,f3fd2220d77641b1a9dac095120b30cb
1073,How to Shift Your Mindset and Choose Your Future,c9c6a9e4a3f441d081056772ce659c28
1074,Stand Out,938866cef16e4a4b99eda8057dda7d69
1079,Healthcare Disrupted,68c515659cde45518c60bca0bd4b2528
1080,The Forever Transaction,cbfdf511091b41a1aeaeb98d6cc7cb03
1081,One up on Wall Street,8b28110d1a52438c8b9b4bcdc9a34c0b
1082,Quiet,793823c2adf749e5afa951f46b84349c
1094,New Leadership Playbook for the Digital Age,f8c75c2fb9404daebe2b171ff51d9d62
1097,This Idea Is Brilliant,9c912a9e092f4d42a12f29e543d5497f
1100,The Now Habit,d7b8c6e896a14ded93bcd4d0aae51cec
1101,Blink,a9ab035995ca4d73b76be363aba1093f
1105,The Undercover Economist,a907bce5f0e146bca597708e1d468b00
1107,You Were Born to Speak,7f683cc5c2014a828714fc8e6495024b
1110,Street-Level Segmentation in India,f218f7aea5764502adaa4b57ed76b80c
1121,Top 10 Digital Transformation Trends for 2021,7ba768242bc449a7befe7e4021d5ffe4
1122,The Plan That Could Give Us Our Lives Back,8f4ca4e3593b4d7aaba302e30a4eb348
1136,So You're New Again,08c407042f5a40489dc2cf72123f1bdf
1139,Michael Watkins: The First 90 Days â€“ How To Ensure Success in Your New Role,86f29643e9d94ab195789b288bdb62d4
1144,First Things Fast,836bedfca7a44761b82b616046079dda
1154,The Good Drone,b93decec813842faaa770caee4e31ef1
1164,Freakonomics,b0e54cd1a92f4d3aa386ef020aedae2e
1166,The Post COVID-19 World,94659d35baae4021b747db225b2423e0
1168,Grit,83217a3e9954479e95e4d52ccd18fad5
1173,Combating Fraud in a Remote Working Environment,9eef3b2f873b4d579b0f043c455dbf37
1180,Gap Selling,dc1cd7570eaa423887d9298ca17e7b87
1183,The Black Book of Outsourcing,985692970dc149ad8edafaf7b02c0321
1186,Reflections on Shame,006dc1751aab492ab9cc2b695122619b
1191,Drive,0fdedc139a2e47e6b5f053e3dc5e5f3e
1196,Editing Humanity,fccfdb72fce54b8fa80c2cce34891cf2
1199,The Big Stretch,b101ba7a383e424fac827198ad5f3edc
1201,The Surprising Benefits of Being (Slightly) Crazy,f7282fb42f384c17ad5e13ddf936f4ce
1207,Maps of Meaning,03f877bb685e432d878e729185a19a9e
1208,The River of Consciousness,70a4eac125a34c1f9672b8e2f0d7162e
1211,It's Who You Know,973cde13b909436289e4d53221725212
1214,Disrupt Yourself,b6e0f82e9c2c41fbab49023145f9ac72
1215,The Catalyst Effect,3f92e1fb9b28489297598cc5ef54cfbb
1227,Convinced!,67323b78e188484d8d03684934b25113
1233,Great by Choice,91de96a608d24e889b6f1c804f314851
1237,Irresistible,418d494246f047e58752a53f01043bb8
1239,Do You Have Who It Takes?,6f2e49b4b5844d48992e795b5b445996
1241,Top Man,677620184fb7403f93e63a5132e6e07d
1243,Linchpin,83ee4505653a460bbc46621b2a8562bc
1244,"Girl, Wash Your Face",6b317b4860bd4ac89f3a9b5d593e81f0
1246,Wired for Disruption,40eb1ad716644bed80ec5aced0bb4bfc
1247,Live aus dem Krypto-Valley,525391f7a6a6477c89a9f6f1ac7e4c10
1249,A Brief History of Time,5a23900a58c248afb169d42842789b76
1250,On the Judgment of History,1ed2b5c3989048bda3a16fa70cad38f2
1251,Bounce,249a87efbd8448a1898143caa5d249a5
1252,Power Hungry,83a1bc0a499b400fa842ac039ecfea0d
1253,The Fractured Republic,db38501b51844408b3d5cfc0603b8aaf
1254,Wheels for the World,f6c516ed602f4a3cb94eacefe2f840a5
1255,Searching for a Corporate Savior,e412fa26e43047728baeffb529032688
1258,Perceptual Intelligence,9a5457ee03f54baab946efd483f76aa4
1259,The Other Side of Happiness,afb597d0044847cc9ee333b4eb3c0afa
1260,The Net and the Butterfly,7532357df06f49b0888ccdd2a856f68f
1262,Why Simple Wins,3e2a3dddb3044031a98e6662cfff5b5e
1263,Capital,942fe8c9539548be9dd96c17c23ff113
1267,Getting Things Done,be8fe1c7d89f4bec83fc5189f0ef2c0b
1269,The Truth About You,8696ff3ea3704d54908d4e5e694d63c2
1270,The Rules of Management,f3f86a2258b04277b0643eba1f21748c
1273,Win,6c8e3d1dd82c49d89f58c25360cf7768
1277,The Critical Few,f2ea585f3d364eaabb05306fde314c77
1282,The Baba Ramdev Phenomenon,d7d8fd6f4d8b466886114190d3541ad9
1288,The Ultimate Omega-3 Diet,4963c25d96b147c2a17746cb7a1a98db
1303,Leadershift,eea10cd118e24a07b106b116004c7453
1332,Bull's Eye Investing,bb5c3601d3c54570a5e6b28c34ae2b1b
1333,Value Investing,bd72af0d59e54a148b19781709dfe28e
1334,Investing 101,a9f5c1a47b644d34ab6363b9feb939ca
1341,"First, Break All the Rules",fc615176b5ff4547bf24bd5a861886a9
1348,Fiber,336f98204f5d4e739f8bf3d7f7e11bdf
1350,Extreme Teaming,056934bded834e28b6dbe2e3fd4f16cf
1356,Imagining India,5b68f46da2584e9e81c1de3606248b98
1357,India Inc.,69006151153741e881558d46405e578f
1361,Alchemies of the Mind,c818aa5e91bb40fb83d0501427e1c469
1364,Strategic Agility,8fdb9962260a45f3ba64791652c1bf60
1369,10 principles for modernizing your companyâ€™s technology,3a7dab5330e74bbbaff529b8c5af4b9b
1374,Autonomy,5d9c1b4a9527418b9cfe00422aebf2cc
1375,Technology Quarterly: Towards Zero Carbon,6d7b74e4849b4119a64c834e3560e56c
1381,Becoming Human,1d32a490814a4837a72f9342250547ab
1385,The Way to Wealth,1f782da1a1304088af7e18dd2fbe5994
1390,"Now, Discover Your Strengths",baf2a82b4d4d4c42afb8c6df0fc44e32
1393,The Experience-Centric Organization,c80be916835c4f65a219b09dc884d065
1399,Transitions,21badfc33be4472c9de5e4dfdd4f2516
1404,The Advantage,0b8d7f6af78d4ca7a26a3a04efe65588
1409,Getting Back to Business,5c913ef5b3444ce1b758e13894f47369
1410,The Slight Edge,65f7298392984343be8feb569d8ccf2f
1419,Investment Banking Explained,47e4295a7c5d4490bca660f74c1b41d1
1434,"Connection Culture, Second Edition",2922f0f8ee294eacbc8249fc9787e7be
1441,The Future of Feeling,6a6cc1a5ae4f46c3a81ef4371fa1dba6
1451,Digital Transformation Initiative,fd54432f673d4611a989cbb4176f9560
1459,Tweak Your Work-from-Home Life for Better Health,04081e4b862942c2acf5a92d90e72a0b
1466,Hacking the Code of Life,741617ed5fa543a3941b54303a3bfdc4
1471,What Will the World Look Like After COVID-19?,e1fb7a6e997640e3845e1441b7b074c7
1484,Scrum,37e2e2581c2448de8e4d4c239ceecc87
1485,Smarter Faster Better,303b5d2aa1d04e52937f15502dd25401
1486,Working with Emotional Intelligence,ca56451957814d6f9c7493327127e70c
1488,See You at the Top,02098f89ab2e4d139136bb0281e45012
1492,The One Minute Manager,4b80b1d47e494ec980fc76eceea3d63f
1503,How to Take Smart Notes,e27ffd2358124ea191466281b632781e
1515,Thought Leadership,b7b78604b3ef412da3e7bdbd6a984d99
1519,Flow,6096aa323aec46b5baca86592b5e4c47
1521,The Rise of the Thought Leader,22f7cc79d14141cc938338e889402759
1528,Charlie Finkâ€™s Metaverse - An AR Enabled Guide to AR & VR,1b10a6e7e3894821987dfa91fa64b0fe
1533,How to Successfully Lead a Remote Team,b39e1d2ef3d3461588c9b0f34440cf61
1540,Influencer,dd6b71a8aa274a6c91ea8c88aa8687bf
1547,Youâ€™re Likely to Get the Coronavirus,cfbbf8dfd9774c2985003824f12a4398
1551,Happy Accidents,1b374d3ec442448b9b9d29d6d5499c43
1568,3 Words for Getting Unstuck,4a51895536d24c11b7a15e0e8b3f3052
1573,Words That Change Minds,65b4b4b27f6f479d87ef3121219548f5
1584,2020 Tech Trends Report,247e3a313b194b52b7551cf76c6b07ca
1586,"The Great Contraction, 1929-1933",abfacfaf8ee3441d83e6f536f3d0845f
1589,Calm Technology,c8ddc2d555514724ad71b387624fe95b
1594,Growth IQ,3c8edb63abe54273986072015a09c89e
1604,Corona Virus Will Change the World Permanently. Here's How.,3181c352c117405c873be56aa48f799a
1610,The Future of Jobs Report 2020,dd9c159537154d8c83549b0abd23f603
1616,Accountable Leaders,ac4bed208eb94456b7b62d52b0bc61a7
1623,World Without Mind,3479ccefae054c2c905b200a532eab78
1625,How the Stock Market Works,b043258670f7456a951195494c08d72b
1626,Peak,a9624024423045dd9c4641f085b78cb9
1629,Go Long,56ee6ec15c444abdbe78a85f5df073ac
1635,Ego Is the Enemy,d8d34fcbcc584ba18192356bf7c272d1
1640,Never Split the Difference,23cd64e335e24319a1a7a2c36d3b84c5
1643,What Meetings Reveal about Your Corporate Culture,b4c40c8a209046c690f6a75d886a6d24
1645,Working GlobeSmart,166527dc815345b5bca9b7215a37e915
1649,Tools and Weapons,adc9baa87ef049cdb588f4b2c7450e11
1653,Why Zebras Don't Get Ulcers,11f4400711bb4ee78ce7c75bceec6d8d
1655,The Black Swan,ade26b1805584316b507ca704c6ca8c8
1656,The Long Tail,3b2a62f6da1346dbb3842caf517f4fa8
1657,The Truth About the New Rules of Business Writing,616872b3c79543769ce94ad7b7099705
1659,Black Box Thinking,54d306a58e31491c80c1270c059d3a2f
1662,The Presentation Secrets of Steve Jobs,3cd9e55d15c942468ef9d0f25e6aa85f
1664,The Only Grant-Writing Book You'll Ever Need: Top Grant Writers and Grant Givers Share Their Secrets (Only Grant-Writing Book You'll Ever Need,d02a3ba38efd40b59c9689f245e4ee23
1667,The Plain English Approach to Business Writing,a392f37ee59445329f1482ce5a660c26
1668,Garbage Language,93c82b36d24c455cb102a32e7e3a8938
1680,Fake News,8d89c94657c0435788554f43fe4a192f
1694,How to Write a Business Plan,98c1b6b2798f4e30ac692309037fca0e
1696,Getting to Yes,2485e09f25164599a0f92ccea14aaf6a
1719,Leadership Is a Choice,617484c3bdf347f58ed8d4c663d389de
1735,Creative Blindness (And How To Cure It),c9255a42c2704d5ea51fff9e18a27dff
1744,How to Read a Financial Report,2ae79f17f6df40908f3fc1d885467a6b
1746,Inside Cisco,d36e7e486a9543d7b5a02c20852f34a1
1747,Whiteboard Selling,38927ea0bcad4a06a49db01547b033fc
1748,Lean In,ac87a9d8afb240128c8e44e1d989f02b
1750,Applied Economics,ee73a5a7376c4071a0326d72feec8a72
1751,Full Frontal PR,2affb86e35f9444a9b3c69ff194109eb
1752,The Effective Executive,4259cd5d7bd849eba406c1f48fed22d1
1757,The Power of Your Subconscious Mind,4793d42036cc441da2ad0ef7a5b195ae
1770,Design AI so that itâ€™s Fair,a35cd2fe5c2242778f804550ef31edbf
1771,Total Focus,5b498dfa01344563b04633b954ba4f36
1772,The Third Pillar,e6ec5576659b4af4bd37c826a3cc650f
1775,The Emperor of All Maladies,66f28f249d4e47d89584d01ae511d1da
1781,Digital Luxury,2624269669194ee4aeca7f367d1231e1
1786,Principles,45f831059c3d430aa1aa4c81a8ac2453
1788,Sizing People Up,8a7469cd7bd4422a9b65ba9a867fb7aa
1791,Disruption 2020,6dd1c3dacb68442c82f613f4a99b7c91
1797,The Telomere Effect,431d2822906b4710b8f977bf164a8487
1805,Seven Lessons from the Corporate Frontlines,64cfb494b979415a92e5f1a4df345098
1807,Ultralearning,52899f544856403db91782b9dcdc9a23
1809,Selling Solutions Isn't Enough,50992964622d4cf48f7f1e8aaaa83805
1813,The Shape of Work to Come,e4564cecc5984c108b2e633c30929937
1815,Leadership Is Language,b7d2f6809d844a76bebd42e6a7f528e2
1822,How Algorithms Rule Our Working Lives,44eb65dcc1ef45e196e1a41f4d90fe7a
1834,The Creativity Leap,95c388b415e64aff9fd4ed7873f2e80e
1838,The Spider Network,658665ad30314bfa890cd1e0731e6602
1845,Be Less Zombie,d564837385b74d1b93d044fa62c3e1d4
1849,The Upside of Stress,e6d1c8c7e9564a2b8df701d65e9277b2
1851,Full Catastrophe Living,29b02457293a43c0af7736467276b06c
1852,Long Walk to Freedom,590384ced5c045c3af605971174e32fb
1859,ç‰¹åˆ«æŠ¥é“ | å‡å¦‚æ­¦æ±‰çš„è­¦é“ƒæœ‰æœºä¼šè¢«æ‹‰å“ï¼Œå¯ä»¥æ˜¯å“ªå¤©ï¼Ÿ,cdafd71cb1b749d5abf17db409ce79ed
1860,The Third Revolution,fc56c71d0a3e46fcbac77db9b2f2b375
1861,Deciding Who Leads,644b462363344fc1addc102da60acba1
1872,Novacene,69552cb25c07429a9c1e36473bdc157c
1887,Four Ethical Priorities for Neurotechnologies and AI,15c76840052d460c95cb9ba041fb9650
1924,Strategic Communication,2bcd70aca13542fe9b8bf7b5b8b59d91
1932,How to Succeed When Youâ€™re Marginalized or Discriminated Against at Work,2d4bd2c9884849f6927a9f1ca5fcfaa7
1949,The Road to 5G Networks,a33559f91f8d47c18bb905fda0803c99
1951,One Second Ahead,baa9ff956f31477a9bdc3617d02664e4
1954,How to Speak So That People Want to Listen,4ae1d4c2880d4140871cc669d3675f59
1955,The World is Flat,a99e81a1ba7e419d99b1d09362830cfc
1956,Social Entrepreneurship,6c1c144cbc534ee7936a63a5c27efadb
1958,Bridging the Entrepreneurship Gender Gap,f3a2ae8a0d114a169161fa7c2b0a0a0d
1959,A Beginnerâ€™s Guide to the End,c793e9318201402b9f9db6b0cd515849
1968,The Fourth Age,bddd322ba5bb46f69360449b564c602f
1974,The Joy in Business,7be1500789ef4e8c94e1c7a9bc8a2224
1982,The Seven Military Classics of Ancient China,a3b76d23bbec4491b0f2383f3d3240a4
1991,The Weekly Coaching Conversation,59d82ef1e6bd495e91f38dd5aafe7571
1998,Would You Do That to Your Mother?,c7f1ecf6702144b2befa1fc055f128d6
2003,Connection Is Critical During the Coronavirus Pandemic,ddd6cd0d97bc4952a3128233545b36e1
2010,On Becoming a Leader,a97fefaa7bac4e8e8103d3b2ed74b978
2013,Leading with Gratitude,43ee1d653fb14a71a711384ba5115865
2020,The Bravest You,91c8acfc8a294852bb1cfeb51187afd2
2022,To Sell Is Human,a9c52f6beca14a069a6b2f26ce64be23
2023,When,edf181d237a34b029df4ca4a5ae42d12
2024,Chatbots for Behaviour Change in L&D,9692b85708ae46d0893fb6968064962b
2025,A Christmas Carol,bab09ddea69141f2974e05f022a5277f
2026,Deaths of Despair and the Future of Capitalism,11c55e9f32594944987ac6f1beaab131
2029,How to Turn Off Work Thoughts During Your Free Time,7514019d2c424ef69870b4f9a28f4437
2030,High Performance Habits,36ef9b8854df41d69a109d1336741ef3
2047,8 Horrible Habits That Are Ruining Your Productivity (and What You Can Do to Fix Them),49e685a31d504524a330dd038fe1d24b
2050,Smart Change,eb9a545a386f4810b10a962b86a48849
2052,13 Things Mentally Strong People Donâ€™t Do,1e6e18605d6f4ae4ba0dd3c08225f961
2054,"Small Move, Big Change",7c4ae71828264378bdd9874e15bebc9a
2056,A Simple Way to Break a Bad Habit,a795e95fe8834bff8945454a5181c62f
2057,The One Thing,85c0d8fc1e5c4d43a40a7bfba9d872c7
2059,Transform Your Habits,bee5b0b9122c4521881c91e6a14391a7
2062,Commit to Win,aa8f0e25652541699125122fd648ca62
2066,The 8th Habit,630c89b37c054705a7be2c796c32dcfc
2068,Your Best Just Got Better,8466ff0c2c0a44ba8ca662c95d714d06
2070,Habit,b10413932bfe4b52a82ab4a63b010048
2072,Manage Your Mind,113859926a4a4e03abb6c03d54ed09a2
2074,Happy for No Reason,2403fd64345242d290834ed0aaaa5c01
2076,Good and Mad,69d5049dab514b1cacc3d046ee4650f4
2080,Democracy,3b5e84ea3f1849f5a1ae95fef84bd77e
2082,Get Comfortable with Being Uncomfortable,69e1067400aa43ed8d3d368b754c9c5b
2083,The Psychological Impact of Quarantine and How to Reduce it,c8e29bde8485475d9ac0e2d8aa10bdc4
2085,Why COVID-19 Is Hitting Us Now â€“ and How to Prepare for the Next Outbreak,b58dc36f471840c99b7b30ffb8045c68
2086,Leadership Through COVID-19 and Beyond,46202cae498743bba5ae432c4c189f12
2092,Business Resilience,e891745df37f4b4aaf7924ec9a5ae966
2099,How to Sustain Your Organizationâ€™s Culture When Everyone Is Remote,62ac55ee9fd8470d921392b9ecbe9e88
2101,Remote Work Is Killing the Hidden Trillion-Dollar Office Economy,d0ab870973f24e0c803c0a4c1afc563f
2103,Boosting Business Value by Reducing COVID-19 Transmission Risk,dda86e5b92934a5dab43068e2e2dfe25
2105,"Facebook will now let some employees work from anywhere, but their paychecks could get cut",59061078dba544f882e7cf54c9056af3
2107,The System That Actually Worked,971eac792a1746659f73d9f5ebb4776d
2110,The Back-to-Work Playbook,533c3f49c4354d6b92c5f697726a4547
2116,The Stuff,9589937832094938bae8621722430fc8
2118,10 Rules of Professional Etiquette for the Digital Workplace,1649415fabb54e31849e13039a4ba199
2128,The Virtual Manager,44098ecba1614f778d6b1f8c4dbb78a0
2130,The Instant Survivor,537daca6098d497aa09ba6409c02fb84
2132,Seven Lessons for Leading in Crisis,f63623810e764257b9ecad5f03587a40
2134,Why Some Companies Emerge Stronger and Better from a Crisis,2f9a4c2c311a4d3dbcb6259be8f33cc6
2141,What If Working From Home Goes onâ€¦Forever?,1b017c490a32495f8a6355c639dc5c57
2145,"How to find your flow working from home, even if youâ€™re surrounded by a spouse, kids and worries.",047acc95b6044801ac7a23f036a1f5b0
2147,Why We Sleep,18326051c8fb42d1a4ddb6b800685732
2148,Logged on from the Laundry Room,a289065a2f334846abf7d43f0f34743c
2149,The Tools and Tricks that Let Ars Technica Function Without a Physical Office,a62b00423b4f46f09e1e37a930113884
2150,Is Working Remotely Effective? Gallup Research Says Yes,464107e4b20744599611babc7224e709
2157,All It Takes Is 10 Mindful Minutes,214c7c1aba044b8b89a6b9047488933d
2158,Thanks for the Feedback,98e3bdcaa5124340942725014669f8b1
2159,The 60-Second Commute,f50e4dc1f9f64b0490406b8f95a5dd76
2160,101 Home Office Success Secrets,a57bac6145b9474f82fd14e126cb0dbb
2172,Stocks for the Long Run,56ad1b33b2954ec4a3fd0e7c85e92483
2176,The Ambition Decisions,b57db1d193a44b77824b77f254bdf3bf
2182,Fearless Talent Choices,ac25c06d413246259da66baca107027e
2185,The Adaptation Advantage,127a97f747b942409a8a38320c661ff8
2205,"How to debug distributed teamwork, as suggested by new research",6323467dfdbc4952a36261429be24cc5
2214,How to Make Working From Home Work for You,5c610c535d2541979d4823a0f62211a2
2218,Four Principles to Ensure Hybrid Work Is Productive Work,bbf220244d0a40bc9102515da3b63c5c
2222,5 smart tips to help you excel at remote performance management,6c1c7e59e9c142279926ec7c9aaa8f51
2224,Donâ€™t Just Throw Together a Webinar,74fc5706e07141ec9b3f58ec1ce546b7
2226,The New Future of Work,689c66ae2c5041a68436699b22b8c053
2228,All The Things Covid-19 Will Change Forever According to 30 Top Experts,b4f8422d12204ac2a452c224fb337810
2235,Who's Responsible for Connection in Remote Teams?,c9139bf1b865408bb46dea22acf2d0f8
2237,The Future of Work Looks Like Staying Out of the Office,dfa2203d21d44beba254de89ad42d64f
2239,9 Remote Recruiting Tips To Keep Your Hiring Going,d927b4a9821e4852bf58ff33d6898d1c
2244,How to Take Charge of Your Freelance Business to Stay Motivated,3dd11b86da704b919ece1553c39df08f
2246,Organizing Genius,de2799f112934f71bf5b88dbbe62fc82
2248,Virtual Freedom,455ce1480e8e4af3a7a6694259dae5aa
2250,The Year Without Pants,c314cec8196b4a7684062758b36a9836
2252,The Evolution of Work,ff70324bfa704311b12fcc0e23f3ffc3
2253,Work Naked,2624f156df094e54b1a038feb27eaf74
2256,The Exceptional Presenter Goes Virtual,e83846bf13864baabe7f64c04500984a
2258,The Learning Explosion,93ae63617b7d4edebdc55659b7612f95
2260,Managing the Telecommuting Employee,d011e30e9cda47619cc9eb2d64c57258
2262,Smart Videoconferencing,a26bfec086a14dc38301716c796e28b1
2264,The Distance Manager,96e4158c515044aaa71ca853316c3008
2266,Virtual Teams,2262c6c2b47f4fed8d1d8e6ccea5e817
2268,The Connect Effect,dff8794213f84446a3e91459806f691b
2270,101 Tips for Telecommuters,5ef1572bfb3845c6ad835d7f88be1f91
2272,Culture.com,2dd3a5d49d3f4aec8fbc29a76fd1a7e0
2274,Wave Therapy,eb7f072a9354444380c2ef6506d6c2ee
2281,Loneliness on the Job Is a Public Health Crisis,c8ed3f2449464da78e3113c688b2976e
2283,9 Practices to Help Maintain Mental Health During the Coronavirus Lockdown,5b2fc75bf6d34eb1a4f917e8fcef5ff1
2285,A Change of Mind,bab07d0571af4d3dbefe091ab9e9499e
2287,The State of Mental Health in America 2020,90555168c0b74e1ca9cbc5310058399c
2288,Canâ€™t Just Stop,ec5dfc31f9a34b31b305a614dff48d8a
2292,Neurodiversity â€“ A Vital Aspect of Workplace Inclusion,0cd7467ac5b54e09b0a696a5ffa31361
2295,ADHD at Work,112a1162185c490a89327ae855541858
2297,Managing a Person with ADHD,a956622133a6422e97baa4bc086e4bd2
2301,The Touch of Madness,8d1c978273254f6ca4554e5959d6efbf
2302,The Cognition Crisis,1ad5c86240944fdf9fa822fa90954bb1
2305,Coping With Depression During Your Job Search,f4a583105d7c4bd582099b24cda40585
2307,Is Mindfulness Making Us Ill?,6317546e27404e99a9dc880fb9360b1b
2309,Coping with Anxiety,23b22a6074364c36849a93ffe95d8ac3
2311,Project Managers: How To Deal With Burnout At Work - The Digital Project Manager,7144137b8469486da5931001488abe41
2312,How Millennials Became The Burnout Generation,1dc7554d012648f288d7d83676dfc410
2314,The Truth About Burnout,60511aa64200400a89dad10d9be58eb6
2315,Regaining Your Self,cd911b3aa3e349d4a0b64db01867fc45
2317,Delivered from Distraction,c452e4a9c47d460db24336cc8e4c0090
2319,"Eating, Drinking, Overthinking",785f2b0f88534f859fdcb12431c749ab
2321,Is Facebook Luring You Into Being Depressed?,7a19cf008c734fb19bf84805a5eda9d5
2322,"Depression, the Secret We Share",5b83b31a07254d5baa6951b66b876787
2323,ExecutiveHealth.com's Leading Under Pressure,7c8e3b4fbcd840c1816fe706d3374ae2
2325,Understanding and Overcoming Depression,663c9b86dc6c4fdab4aaeff5bde43910
2327,"Depression-Free, Naturally",b2e8058a8e3e41eeac99f11a69621771
2329,Because Internet,e47794eacb9743669750a4f5953ea638
2333,Relentless,f6ac8c6de5d34305b90d9a5ff398084a
2339,Endurance,2c682c43f5c348a8b0351fa39958068b
2343,Micro-Resilience,8ff1fe611ea34bd9821a7695560cffda
2344,Supernormal,3a95073575fb403280145f317a65f8cf
2346,Extreme You,a25472affe92498f990d6a04d8aec45c
2352,The Beauty of Discomfort,d22daaddee6b4e408cbd9ab3a5103b11
2354,Option B,9ba0bedcb14f48f8877b246e0a605f8c
2356,The Girl Who Smiled Beads,d606a3b64a6d4b91ab0b2cb8ac6f83b3
2360,A River in Darkness,113529960f194b318731a135c1a2c00c
2362,Resilient Leadership 2.0,f79ae6ae85f64e1ea7d8fb7292b94c78
2371,Escape from Camp 14,36ad58555de64bfe8c673b5ba1b76436
2373,Resilience,a70933b024aa4d758dd61b031ddda67a
2375,The Positive Dog,8f8c6f1a538a42078292f0852e2305f9
2379,Dealing with the Tough Stuff,bd7003afe21346039a1afdbfeea4fa7e
2381,Overcoming Mobbing,52a377c44a9141bba90cf7e9e31d838c
2383,Shackletonâ€™s Way,75bd96677af1422fb23471324d46c6ae
2385,Leading at the Edge,477cd8e57f7c409787fe3a3051c6203d
2389,Cybersecurity Needs Women,a7d15d8c393f4f9fa15c7bda391f67d0
2396,Creating Introvert-Friendly Workplaces,e548f4849eb14476aa11eb57ad8f44e8
2398,A Guide to Gender,43093597ac0f4d0d8c8b402126714e97
2400,"Diversity, Inc.",b5d753659d524036aa4d498a41c56428
2405,Itâ€™s Time to Talk (and Listen),0c9d68d3975a4ec9845405a3fca994c6
2407,How to Design Gender Bias out of Your Workplace,bba32cb38b1d422794e63c81e857aed0
2412,Breaking the Silence Habit,e66aab492f794f7bad4a550b2f015ad1
2414,How Generational Stereotypes Hold Us Back at Work,cf92adb30cba46b992c09447eb6998a7
2415,Biased AI Is Another Sign We Need to Solve the Cybersecurity Diversity Problem,c8450d84c5214d469b312c295d05077e
2416,How Algorithms Can Diversify the Startup Pool,0043246a725a431e85ca659954d6ab16
2419,"When We Design for Disability, We All Benefit",427f0eebb2a54b8f89f7118874f3955b
2420,How to Not (Accidentally) Raise a Racist,a5df02d081764753b0d1189cab8c033f
2422,"""The Diversity Leader"" - Singleton Beato",dafe1722ad3248358bedf82036a1599c
2424,Older and Wiser?,4e3ab24ab476452aa72a5b8f205404f0
2426,How Diverse Leadership Teams Boost Innovation,fc89e7677b4c49bda4ff7ca54ee9a225
2428,The business case for diversity in the workplace is now overwhelming,dc36a1d3be094f88befbf4d5bc500f60
2430,Diversity Is Just the First Step. Inclusion Comes Next.,b199defaf8ec4a5e873dbcaa276bf51e
2432,Getting the Most From Your Diversity Dollars,bf98644d90184eee93245d09ace55a83
2435,"Women, Minorities, and Other Extraordinary People",d5fc7ae69aee4d72aa8f53903a4b367e
2437,Winning the Race for Women in Digital,f3c23634badc4ee29c544f47df6d807b
2439,Two Groups You Canâ€™t Ignore (but Probably Do) in the War for Talent,1c66f1ed620e484eaf609ccc1ba996cd
2441,Using Artificial Intelligence to Promote Diversity,1d18751395ef4c0a8ec7be2948c8cde0
2443,Enabling Acts,078fd1728d1544d7826ad24c9dd4bcfc
2445,3 Ways to Be a Better Ally in the Workplace,3d75c8927d6442498f3c8fb4c3b3120a
2447,Why Design Should Include Everyone,d7a2bbdc32f647e188e3304249bf64ab
2449,An Accessible Process for Inclusive Design,d701f64601014a25b961af002f14c4ad
2451,What Baby Boomers Can Learn from Millennials at Work and Vice Versa,de80ece07da44303ae241a8f3f430608
2453,Disrupted,4ec21480224a49b98e40a2027952398c
2455,Women CEOs Speak,c870fc83d67148778cf9f739f3620ad2
2457,WE,3e5c86171aea49279539573c804e8f90
2460,Google Searches Its Soul,adf8a50af9a947239b0bfa383a2cb8bc
2461,4 Ways Managers Can Be More Inclusive,88dfdf2c91c24e59a76a7a52ab3ca168
2462,Surviving as an â€œOldâ€ in the Tech World,6df5352344254b249eb0460fd44a4489
2464,Including Non-Binary People,3eaae1d872414fb081a3b16614c778f8
2465,We Canâ€™t Talk About That at Work!,d407d17ba8e947ed93cfcbfe97e3ba78
2467,Talking from 9 to 5,5939a5a3e6c246f291822873c9be51ca
2468,Implementing Culture,2a1262b8379246598bf32479e7df06f2
2469,Driven by Difference,d4ae883dc63b423b9d2512e5f2800b83
2471,You Raised Us â€“ Now Work with Us,6c03fc9c77b44a29a0bd0f6101eb4774
2473,Flex,d605f012f97841299ba0340958337370
2475,The Inclusion Dividend,92a3bf60331a4627ad88c578d41eade0
2477,Agewise,97777f8baad94417b9f3aaa2930ae3b6
2479,Generations Inc.,3f8b6b134e3f459c83fb624bd63337fa
2481,Making Diversity Work,755c9c86f96b4f73aa13610bf2253369
2483,Dive In,bf5a845b081b46c09ef79874fa378a9c
2485,Emotional Intelligence for Managing Results in a Diverse World,63dfc949865e47d49395e3f7c4b438f9
2487,The Diversity Training Activity Book,30fbcbbf08dd410bb4735c1f88016432
2490,Managing the Older Employee,edc4166b045346338dff57e3b67f3fa6
2492,The Next Revolution,de9ee472c77a4d6bb5eda52211198066
2493,None of Us Is as Good as All of Us,f0f3f1d059f542db87e3c3c94fda8241
2495,Retiring the Generation Gap,5116a515890949b59704641249791062
2497,The Difference,f0eccd0f163346488629dd3a025ea350
2499,Global Diversity,0c20ca8979f14b08b019b8264994031f
2501,Biased,9993a623f48b479a82e95d93ec505d8f
2503,The Opportunity Costs of Weight Bias at Work,dc6b3717d48a48ddad0e3ed23976d496
2505,Race and the Newsroom,d859b5a80225420381c4d0d9acde0956
2506,The Half Has Never Been Told,aed9d3f28b8a461c8085b7b88a747fce
2508,The Talent Revolution,07e765180c7344dea0548a4333ade319
2510,Let's End Ageism,1cc82e0bd48d48a8a585168c023c97dd
2517,No Hard Feelings,e7024ede8ed840d39932a1a333f0cd93
2526,"When It Comes to Culture, Does Your Company Walk the Talk?",5cbcea156eaa41d5b4dff08f8dc4f7ee
2527,One Hour Investor,2bea1e13e5354f2abc1be58d488fcde2
2531,Work Inspired,2ee8131e5dc24562abf63f11041bbd0d
2534,Powerful,c5aae30ada5044d3be386beeafb00c6a
2536,The Customer-Driven Culture: A Microsoft Story,dce1272d2a55414cab132375eebc8f18
2540,An Everyone Culture,d2e36cf8c3a8490e8f4d68d752647761
2542,15 Company Culture Examples that Deserve Your Attention,c642e2f68d8c4b90aae1e625f8b187b6
2544,'Angels' in Hell,c26bebe6c4074124a3162bbc08aa8a12
2546,The Service Culture Handbook,fd1960ca693b4db98c414e85b55772f6
2548,Move Fast and Break Things,01f5ef61e2fc4fbab892d9c190f4b0c0
2550,Why Refusing to Discuss Failure Erodes a Culture of Growth,862bc2eadc6d4e64a5f6090d0ae6e001
2551,Five building blocks of a data-driven culture,7bb46e8bd76b40fc8f5577f04a96425a
2552,Nissanâ€™s Jim Irvine on Culture and Learning,01d87af9273e425b9699e1ccae10a7cc
2553,The Culture Code,38b5a92ba4724597abae9743bd6461a3
2554,Organizational Culture and Leadership,dd272111552944daa762f46d749ea2c8
2556,FISH!,d97289bb942a432c9c8e3010fa353448
2558,A Great Place to Work for All,fefac8aa931949fb99ac7f6486df2f4d
2560,The Purpose Effect,b59ec41184494189927117a063e57eb6
2562,Building Digital-Ready Culture in Traditional Organizations,f7c955c4c0014c038222c0c53ec69276
2565,Contagious Culture,606de3f51fd64ea2a1582906defd48cf
2567,"Rule Makers, Rule Breakers",f5bbaaa4aa6444938e988b3a3b13494b
2569,Under the Hood,2d592aea6f004b3188cafe0c1933d11f
2571,Leaders Made Here,154bb59601134db59ef84eec70edd5e2
2573,Lead Right for Your Company's Type,4036a88c4ba1474fb5d59be46b4eaeed
2574,Fusion,d5fd6e9aa10f44a780d55d10c0c61000
2576,Toyota Kata Culture,d538e07b8a4945b0969cf46202dd538d
2578,Primed to Perform,35e496116eeb4141b0678a83d4f8c5bb
2580,"Good People, Bad Managers",673c514afa4749e69b2393f2e853b5d2
2582,Cubed,1b722faa764240b79ddf01165fc7a63a
2587,Culture Hacker,11047f2685eb4fe4902078a3431a4863
2589,"Sweat, Scale, Sell",a2a5fad1abc648b7a864cc1c6f94a236
2594,Am I Being Too Subtle?,b7a9eca41e8841b7bf03410346bb3e7d
2596,Stupefied,3606ee78699b48b39b062a0980b79912
2597,7 Steps to Creating a Lasting Learning Culture,4817352e2c2f4a8aabec1ab407f50056
2599,Invisibles,58726d5b62204ef7b1e3f236897b0b94
2613,Become a Better You,b51e79169d6243c4985f741ca71dc442
2614,Managing Transitions,821fc138c28049a78dddfaecb66a2134
2616,"Good for You, Great for Me",c64f52a8fa1547b5bb54247644df4d7c
2630,How the Energy Transition will Reshape Geopolitics,3134ca2242104c63a286ed3d12bbf8cc
2632,The Staggering Value of Forests â€“ and How to Save Them,c59bc21a00e14058bef9d115b8354125
2633,Becoming a Coaching Leader,575b0d15e96a40fe822984efdb2dc1a5
2634,Power Mentoring,d05b79103e534b03a28b8a82432747cf
2635,Good to Great,200a3810f80f48e8addef0756296e143
2636,Life Reimagined,89bc67b18e324ab59d22572de4508d4f
2637,Get A Life,427eea9c4a8648d0a14f80f6044ad30f
2638,Hidden Financial Risk,b7081ff9133146369532a9505bc08652
2639,Mastering Adulthood,8847d1d6ddfa4af8b7e57d1fed5505b3
2642,Taking the Work Out of Networking,7220a933ab414c578f6538b33e346bb5
2647,Behind the Cloud,f2bcdd0550d5467388f738419843ab6b
2650,Office Lean,64201e66176a455ca615b2310d1e2a9e
2658,Manage Your Day-to-Day,fb3d46f34b8e410cb54515046ef75c79
2661,How Will COVID-19 Affect Machinery and Industrial Automation?,ad4d5e3567114b23a7ff7c35ff4052fc
2662,Herding Tigers,a5b648ebd49a4768bdba603c12f0c6fe
2672,The Creative Thinking Handbook,2a882bb274e84cae96315c5a4b44d1a4
2673,Learning to See,5a5f0d68dd9c445180617c0f91b8ccc4
2674,"Winning Now, Winning Later",58988a3e815f4e9286e1a5d10f649644
2706,"Great Work, Great Career",5c90b8787ae44871929d9365c1803475
2715,Are Robots Competing for Your Job?,298d7e3aec784a63a3e9c62caaaa6afd
2732,Billion Dollar Lessons,f445352118364e2982b75d82518d5b4c
2748,The Motive,554cafaaacb44365ba0243fb32979329
2749,Amazon,763dd12e61b348fd91d0b17da6643db8
2750,Subscribed,d18ef78a4bb64767ba18150a17170afc
2754,Here Come the Waves,4aecc073856241719f403526bdd45fea
2756,Super Thinking,520c50b977e44ec1ba7fe78e6ee4f3fb
2761,"Facebook, QAnon and the Worldâ€™s Slackening Grip on Reality",78caac00850f47afacc80f8791f8d89f
2766,When Will Clinical Trials Finally Reflect Diversity?,1dfb7c93966343c28b437f66f118dd4d
2770,Beyond Cybersecurity,6a487a040d614b289a5851eea3e88f9c
2777,Profit First,2743fdbc505a4469ad475b66a1823d24
2781,Firefighting,239b391fa98f4750bb44f8bdd1b28df4
2783,Wherever You Go,b6816ed54a8542228354d2526843a72e
2808,Stamped from the Beginning,01c42c406b3f4fd9be76ab90c85dccb4
2815,Why Are We Yelling?,ba18c2bccc36451c8a94ea7a9f12fb8b
2849,Future Fit,dc742d77a8df4e9eb613810e95650c89
2857,Designing Experiences,ad0ef8838c7c44f798058e0a9a999f8d
2898,Lean Office and Service Simplified,f68b4976641e493aa61307596bcace60
2923,The Inside Gig,e91b1ae7617c4a5fb271c25f23a7b381
2925,The Feedback Imperative,7d620396cca44972b0e2ecbef3a1729a
2927,"Selling With Noble Purpose, second edition",b11c5b4d645e426dba6258e0116220ce
2931,Blaze Your Own Trail,2ea66aa58b564d3598954f102442be2f
2933,Working Out Loud,a3ed75559a274c1bbaeb76c55cf06ca8
2936,How We Work,a68bac8f4d8a46dfa4b6f615e004a6bc
2944,Leading from the Roots,3535efcc577d49198ceade02e08224dc
2946,Blockchain Babel,63e78195c36240d89e9f0b83599af92e
2949,Guerilla Marketing,37f9cd7377024ea8aff080237cbe857b
2951,Sell More Faster,e083bbf21c01430789fbf46f0ce82a2e
2961,The Prosperity Paradox,11e7b367637246b2934a2c08a2e32d8d
2969,Dynamic Reteaming,f4a863cff0f6419394a5716bf06462f8
2972,Not Working,ecc9dc9061a1474f8dcbe07532975626
2980,Leadership Unchained,663bce25f0a545ed98c3cfe3d1af8ff6
2988,How to Go Digital,a881dbeef4d947eaa0cf5181e02d7b63
2997,Indistractable,a27fde276673419e90f6fed3a7bcc976
3001,Influencers and Revolutionaries,465874e1feba499fa98ac5ee3af1ff34
3004,Modern Manhood,ee655b673f0b4bdbb889e95576d88167
3006,Not Doing,4bb70f204ed54feaae4dad2681c9ed45
3008,The Chief,046b5a6b4ec8455385b0a692300a7975
3023,"Buzz, Sting, Bite",1a332c812500435283ce4f697cd9dbc5
3038,Inconspicuous Consumption,8b20aaf7165242b78ef74a2402c6d159
3040,How to Fix a Factory,56dc19c28de248219be9a642da578978
3044,Buzz,6d44e66da8c2491ab51f536fa672cea4
3046,The Rumble Zone,458524da91244959b5fd9f1c785b052c
3048,"The B Corp Handbook, Second Edition",a5cfad4c76654ed18829568459b1e5a6
3050,Beyond Earnings,b0deaefe44e74c5a9d8c1c773ca63711
3055,Creating a Drama-Free Workplace,ae1198e2a2044b0a951cae8cedcad963
3059,Blindside,29fa1ab87f6449a782d3e703cafc514a
3060,Our Posthuman Future,3826c1f724e7457e82df4045ee19ed4c
3061,Civilization,b8b3267b618d417b8910d2d37a6f8538
3069,Ziglar on Selling,79fc522354bc4f67998aec3579b5bcc2
3074,Hit Refresh,47e49c5da7eb43c6bb4257b1c1df3861
3078,The Vital Question,147020ae94ef41598521a7e4643d79e0
3079,The Evolution of Everything,3e4d7200acba41bfb644b458ec3725c8
3081,The Memo,1a5e5984c8824d01abee5f6a30a23721
3093,Progress and Poverty,55514009f0a548e0b24d7d5a6a6b7d52
3099,The Color of Money,13871cf25eb24069b2d713587f38fd50
3101,The CEOâ€™s Guide to Restoring the American Dream,1f206db8b6ee40bda2b6e8783025d0f6
3105,The Toyota Way Fieldbook,8b48d1ce6a0a4be88abb976401199f2c
3107,The Future of the Sales Profession,75e63c5cf89444688c5fc67e0e0fa802
3110,Financial Times Guide to Social Media Strategy,78f8493588c9453ba13f1825cd26511a
3112,Noncompliant,41441a7a1c604800b0445da378098f12
3114,The Fixer,3dd274253d244de89faafa1e5a291781
3118,How Learning Works,ccca443289184d6ba77bd521d662cf9e
3124,FinTech Innovation,47ec744334634396b56e8e1db01dd263
3126,The 7 Secrets to Selling More by Selling Less,1acb86ce1a334ea68234a33275782d39
3128,Leadership Framed by Art,254738629d534afba68dea7c984c53b5
3130,The Curious Advantage,84962c36ebfb43728bddaab20aec59d2
3134,The Leaderâ€™s Greatest Return,9a51dc786c0541f3bf4fa22c5522a5ca
3138,Dark Commerce,d0dbaf69538d4903bfce1799a5d771d2
3140,Good Economics for Hard Times,26f26bda741a422098c1104fac44449b
3142,Ogilvy on Advertising in the Digital Age,c961a29bb01e4eebb14e1b03b7488e9f
3146,The Joy of Missing Out,2a59ada91bfe4061b4589709f6a7ac9d
3148,Sharenthood,20bfc4267090469681c9b41dc0f07d62
3155,The 7 Secrets of Responsive Leadership,8b0dec063e814dd8a75b2eaf994c1178
3158,Creative Construction,8a3242c8842c419faafd363341b640d7
3161,The Battle to Do Good,a9d77c611f9a4126b88d0c016fad667e
3166,"Flat, Fluid, and Fast",59c2adbec1c94847af3059f55e8beb71
3168,Your Health at Work,2ea3e5fb3f034a90b7247133e1a25173
3171,A Mathematician Reads the Newspaper,b7a0d950aeb14f1aaaa69c3dadf08454
3173,The Future of Work,0bb3966db2c941c8a22aeddb0e7003c7
3175,FRICTION,972389b3d69c4e4c95bccad000e9ec6a
3177,The 100X Leader,6d2ce122304b48c98fa8f2500d8ebf10
3179,The Financial Services Guide to Fintech,39a2488fb7984cda98b43ba9c2365820
3191,Boom,ee4456533ddc49f884147a516ebff9f6
3193,On Grand Strategy,02086b959ca14de1905d1acabebfc09a
3200,Darkness by Design,dcd7524c0c3a459b8c5fe4174ed29d12
3204,Your Team Loves Mondays...Right?,f527a0cb28264e748ec0b6e466b0bb91
3206,Questions Are the Answer,ef944c6941dd45d6a14f3d470f1236d2
3208,Superconnector,93e701cbb67e42a58f76dadb9949f63c
3214,The Invisible Hands,f39757767ea54b23939dae1867c11dcc
3219,The Bartering Mindsest,b73aafcd5cd4435d982bcf039d95f4f5
3221,Investing in People (3rd edition),72bfed85a76b4be785578ce30f88b1ae
3225,Fiscal Therapy,8022f0109e574a7594420ddef75616d3
3227,Leading Lean,6a32c988a40348ca9124a8b17044e1c5
3229,Every Job is a Sales Job,0c1fb40cd0834fa0913a78065682567d
3233,The Loop Approach,5732d55f09a847eaa8a68124d11847e4
3235,Goliath's Revenge,f3231c6d0bca4e4c8811b80882652b39
3237,The Great Reversal,0f24f9fd8d11466581525e7455596ac7
3238,The Write to Happiness,c385af3becad423ebda9bfe9d12a24b9
3240,"Career Killers, Career Builders",24621a61d344429eb3aec1dcaf1ef37d
3242,The End of Old Age,6e576294b8fc4475945f63dea48a0b4b
3244,The Art of Invisibility,e6d00c803d0f43a0aac019627c00aa57
3247,The Economics of Higher Purpose,c7d6bc3469694d50941eadbf3ded48ba
3249,Flat Army,a4490073af0945e8bd47d7b500349edf
3250,Advice Not Given,e795669eaf574322b732d00baf3e0c8e
3256,The Hard Break,84e53a8c04e547f5bfe11cce698e2426
3259,Meltdown,5627e06b5b7f44a1b5810a5aba783d3d
3263,Get It Together,8e8a48efe0aa4359929d5ae066eac794
3268,It's About Time,33855be446b44b71ab83dbedd455ef93
3270,Billion Dollar Whale,f88380d990b241758c4b606675e40663
3272,The Art and Science of Training,e4fcafc6ddd241b8804abd4bae14c36d
3276,"Capitalism, Alone",b433901f07d44c27be9190c83abfce54
3280,How Clients Buy,5711b207d8c740ee98ae4c1060d13c47
3283,Management Mess to Leadership Success,73435a3e443f484eb5ebffab48f6d21d
3285,This Is the Year I Put My Financial Life in Order,63e0296a0f9b4b5fa0299a3c7aae7c90
3287,Accelerated Leadership Development,bba8d79bacd14148a61fdbc9fedf3005
3289,Not Everyone Gets A Trophy,f9dc0377cef34e82b088d0677931c9e3
3291,The Airbnb Way,4b7ea260e5ff49a78d53cce3477443d5
3293,The Many Lives of Michael Bloomberg,deac58278e644710ae293a486e4cc5e2
3294,Next Is Now,de287bc97be34c0cbbbad62ffbd22c04
3296,Face to Face,acd2e5bf56e74a6ba1de26af4009ca09
3300,The Procrastination Cure,21a7634c1e254b1aa85f3acc26406020
3302,Lifescale,bec62aace02e4d708fba84ad08469d34
3304,Kissinger the Negotiator,70875a9f3d0c480085e6ba02376fb4aa
3306,You Don't Have to Be Ruthless to Win,3985552b35cf45e3a15a911d9039d9fe
3308,You Are Awesome,846e3eca2aad4d2fbdee88025d951ac4
3309,Get People to Do What You Want,cc01a9afb460411eaa151e10f1a9e1f6
3312,Strategy Beyond the Hockey Stick,5361b41aa979404d992ab0cbce207856
3314,Make the Most Of Your Workday,389e8a311e9d41d99b1b488ab5b79e44
3316,Zucked,3101791e81f04416bce492f1e6ec8070
3320,Lying for Money,ae7839108ead416d8667b5e4af6ea513
3322,The Speaker's Coach,1df41a2171704c9e8bcac8503f1e9c76
3326,Tomorrow without Fear,3d9c1f4229ec4705863fb8276e8a27cd
3328,New Sales. Simplified.,6a41755b7c304e26947b9526c776094f
3330,Sustainable Negotiation,dd1174d5b28b47a7a4b23d403aca1172
3332,Toyota Production System,70b0d891713a448d9715817c3ae21c8f
3334,The Antitrust Paradigm,771cf61dfcc946368360a53352eef094
3338,The Apology Impulse,405b25647a30476b8f1c78d8f692178f
3342,The New Leadership Literacies,deea2becf6ca4257b8ec0c28a48c5787
3344,Rethink,90d8a33d14544925b6ccaef4e5ce056c
3347,Narrative Economics,15d0d68f94194453a0b9dee6b8d217d2
3349,The Escape Industry,2cc14d1e724a4cd0a06f44e707631536
3351,The Machine That Changed the World,cc2c1a1186ff4b129e921a0d0ef992bb
3353,Interviewing Users,f2c7c7f51dee4df9bfbdb94b66b48755
3357,Blended Learning,c5c6e69bb4ea40a3acbda759c0d0e078
3359,The Sleep Solution,3a9c00ac197445a2922abe7f339c3459
3363,Customer-Driven Transformation,17023bdfabf4433388eebbe377085fe5
3367,Pause,e4a89e15cc984b1cbb3ce806a8194b02
3369,The Technology Fallacy,c853832ed81944c99310f574a8a000c8
3371,Detonate,cac9e7cc3d9246d6a27423da8b83b27f
3373,How to Hold a Grudge,e0d861a5ed394cd2aee951ee5d565424
3375,Get It Done,e54a0c2b92cd46f6855acdd54bbaa833
3379,Mindshift,d96b05a2ca6445618a6a33bf5a249cd9
3381,Bad Advice,26077b9e17ca47778244793920f77cc2
3383,Talent Magnet,942150b5dfe04586928b6e64262f74d6
3385,Rethinking Economics,e0f332c10e0d439490687b0c13fc9925
3387,Social Value Investing,88a1c65081cc4fbfaa74d84c1086ab2d
3389,The Leadership Lab,0fc7a3a54f774af1afc629eaf9b29237
3390,Happy Money,e0fb1139bbd44806a4c27c253aed1cb4
3392,A Six Sigma Approach to Sustainability,c5671704aace4ff1a2a84b842712a505
3394,Good People,286e52dacb5d470fa2210e1e5349f439
3396,The Longevity Economy,71a6fbac21984aa6bb9cd84f8665610b
3398,Stories That Stick,2fb2a388ce824b4ba99a35ba859242e2
3402,How We Talk,69a9901f94694f9d9a1cf3dc36738096
3408,Objectives and Key Results,9251e1ad0cf64e00b36ab9de785c94c0
3411,User Research,4ca7f16f21d543fc8dd9bac6813ef8ca
3413,Wake Up and Smell the Coffee,346cdb0e95de427ca14389a77e13fc33
3415,Beyond Talent,1195ea02615742ba94fa507457efc2ff
3417,Shortcut Your Startup,03cb068d45fe4ebd9cd1df22a777f019
3422,Endure,6e15c45f16e546fc92d70e5f234d1591
3424,Why They Buy,b6e103f6ba2045d3bf2c4ba36861c93c
3428,Decisive Intuition,53e6e3d0b3bf41a4bf7fe10837652116
3430,Too Much of a Good Thing,7a6b8553b4ed4a4799ca13dcca4ec8d4
3434,Combo Prospecting,dc2cbb747d0e45c0b20014af862f5463
3437,Digital Cash,437c64040a984eb7afb925789b9a8e80
3443,Problem Solving 101,551766f0253b4fcd8ac9f07a4bf6c384
3445,YouTubers,2c57cf8c94b34399b5ba7b963bb87b5f
3447,No Visible Bruises,5283bdc5712e44808ca4e357044e2259
3450,The Power of Positive Leadership,e728404ddd8b45a4929df8c75268090d
3458,Designing a Culture of Reinvention,576325539aee42778aae1dd99d2f368d
3463,Joy at Work,ccb422de559645aa9aa04b1abfeb656f
3468,Educated,fbfadbabbe744e16ab16e0206840e5c2
3487,Expanding AIâ€™s Impact with Organizational Learning,dd2a9bc0df2a4ed286e9723c7ec0e59d
3497,What Job Are Affected by AI?,114bdc89e61641adbd4d5a4b0283601c
3500,Life 3.0,a532cf9d3a9f4cc3b9accf864ad95dc4
3503,Chinaâ€™s AI Imperative,d2bc0fd535b0479e90bf608c25ce48cf
3504,The Great A.I. Awakening,d6faa451fcc145f3845aed4aa7e8de77
3505,What China Can Teach the U.S. About Artificial Intelligence,d5745579be4540d78fd94018aae981ea
3506,The Executive Guide to Artificial Intelligence,aba7407a452a4dd1ac923654bf34d81f
3508,Will You Lose Your Job to Automation?,0bf1829c58d4423ab7054a942cada69b
3553,Why the Coronavirus Is So Confusing,304390f715b74c62a2b01353a16000e0
3554,China 2020,85ac25d1cf754a5b91b1b6833e97fcc5
3578,How to Find the Perfect Career Fit â€“ An Analytical Approach,e3900cc865bb4fb4aa06bf9b1f2c46e1
3585,Effective Internal Communication,10add1c92770460d94bf783666b4b2c7
3611,Selling 101,ba02a22ffd9f43d99aae73f6b02fa869
3612,Good Leaders Ask Great Questions,92acaf5b51254b93ad3bfc1860bb8296
3614,The Prince,47b343db98324982bb0ef970c72277a1
3617,Leaders,cfa0b905f22b4a2a85300d3ccd22bfcc
3624,Creative Calling,bb3379c15c3f4845a1a3ae3e15b8d8e6
3626,Wild Ride,7f4b993bd94c432e8dff4451d2f15477
3628,Driving Digital Transformation through Data and AI,d9c4cb46776b49e99a1b71bfd98695b2
3643,From We Will to At Will,4e767a15ed1a4dfb9f6c1b1168090b73
3667,Got Your Attention?,533c2142325747869c255a500571b35d
3670,Redirect,1c5b3ac391bf488d81786bfe0037abf2
3676,The Entrepreneurial Attitude,443494440a1846ae8ad2be8653f48ab7
3682,Crucial Accountability,9621ab0788b341e09e79581683f6e5a8
3684,Radical Markets,1048c6707d384a3cb9d8f4013f15ff82
3695,Generation Friends,2eda7d29dd064382a0fb4d41bde4407d
3701,The Importance of Small Decisions (Simplicity,18cdb505158a4ff0ade0be315afc1ba5
3712,Event Sponsorship and Fundraising,39e9c4e97dca4b5fbd0e08592becacf5
3721,Motivational Leadership (Third Edition),009fedab2f4546b8b00c115ff9809aea
3725,The Great Convergence,fabffd6e6cfc4e3ab5b85ae6ccc7c5b6
3729,The Smart Neanderthal,0e76be728a1741459b837622536862b8
3731,Unmistakable,e5ee9d1323eb40da95d108a53f3fb121
3740,#Republic,a8fec866dbb84b7882211219c6b42147
3744,Cascades,651f0459f5d4406f8b7cd082139117a1
3746,The Best Team Wins,96c52c93b8a6452e86ed81f3d0339d98
3751,The Leadership Contract,ee768a46bba74b499aa2d8607ce3933d
3752,Write Your Book in a Flash,6a9f8d8dca9d436e8cc4eb1fd267bcac
3754,The Transparency Sale,7257d5cd47224985933d2dd437268c09
3756,Private Government,29707ba6f14d4a8a993d9da66ceecb53
3760,Sleepyhead,d3302bfd7598450f9d7555a5b829f7c2
3762,Deviate,4b5296a095b14b9f82f0a50a4d801152
3764,The Leading Brain,6f46ed9a1e6f4dd098a933d752edb740
3766,Leading Beyond the Ego,1bfb4a3825b2439eadcab097abd565fe
3768,Prosperity,5e1d658d777d4e1189fd2d3e5e97397c
3770,It's the Manager,8b781629222449d38a4e28fb3b86ab23
3772,Kidnap,1d019f02207f462ca0024751aea97446
3774,Bedtime Stories for Managers,ef71663913f34ab3b38a305581a988f8
3776,Scaling Leadership,e919942c4ef8435cb7531b516bdbeaa7
3778,The Acceleration of Cultural Change,fbcab79fddec41d0b57eecdcb378c762
3784,Necessary Endings,4bcb441545ab420da27f3f2a864349ab
3786,Adaptive Markets,34dfd8cea51f4e6984c8b7775eedbbff
3788,The Unstoppable Organization,2fa7782eaffc4035bba16bed4f52f7aa
3790,"Fascinate, Revised and Updated",71be5cf4b14d40ea881742a14ebb2cbc
3792,The Leading Indicators,5eb6017446524945acd7c4fd29806318
3794,Predictable Prospecting,704ebac81bbd48b19a007db273884056
3800,"Think Big, Act Bigger",6bcea1c8ef58420680c09a14448a668c
3804,Why Customers Leave (and How to Win Them Back),9a446fdd63754cb0abb24b6ed159dcdf
3810,How Population Change Will Transform Our World,c0434a24a5f84bd4bc90d461fc9137a4
3812,Changing on the Job,5d19ddb6774b4e39912f371e51452069
3814,The ABCs of Success,0f362ddcac1e4030b1aad0e1d5176c44
3816,Transforming NOKIA,cb72287d9e07460291358a130859559f
3818,"55, Underemployed, and Faking Normal",b12767235d49403699c902bf17ad8413
3822,The Value of Everything,5f30e1aea55c41afac2c7c85a3fd1712
3823,The Art Of Saying NO,94f6e74602ec4215a4a97ede51ceabd9
3825,What's Your Competitive Advantage?,cfded6ccf35f4c7c85b97263d0fb11fe
3827,Microtrends Squared,9bcfce71ebfa4eec96ed74be14445f1b
3831,Unlearn,c67a0fabe9934d629757161efcb9552d
3833,The Execution Factor,6883606d81364bc7835ff5b35edc33c7
3841,Enablement Mastery,ded7a42f4d7e430b9f79c05d174d2879
3847,Too Smart for Our Own Good,2c2fa5b5b7e1407187c1920abfc155e2
3849,Why?,165437b307ca41e4987819f678bdfb10
3851,The Elephant in the Brain,b2c72cb9939c435ba021aad64d0fbf37
3853,How Not to Be Wrong,f1f169edc21849dea4eea32a0b3eb219
3855,Mastering Leadership,77aa39e2ec7f4280aebf833e59a6fab7
3857,The 7 Principles of Conflict Resolution,4fe0ecf1ec9147d89ed768c2f8046064
3859,Broke Millennial,7991ff44c65e4ed081450e68109c9f13
3861,The New Education,7306ba012f37427a962354140467edee
3867,Data Driven,1b67a88462914d7481c4334bf7a3c072
3871,StoryTraining,a71a86b1533a4370aec795526b3aa940
3874,Take the Stairs,4fbd9381e2564b4187c55f31bc0912fd
3876,Legacy in the Making,f843b776c0c84a52a2d0e12847f94720
3878,The Leadership Gap,29acf2ee1f464ec8a512fc0aa6d08738
3880,Powered by Storytelling,f5a017fc8fa14f6bb01177a0edcd6d4f
3882,Be Like Amazon,643c65b7b72846bd91bf3c9552ba23aa
3883,Crushing It!,3083e2f0c97046efb0cf431518a47634
3885,Adaptive Space,cbcea853178d447789bad58e099b19d9
3889,You May Also Like,9af3a2edc6db4b9e85182613fb553938
3891,We Need to Talk,fef6b8a727a7470982289013b0340e1f
3893,What Are Your Blind Spots?,0be386e6344c4b3ebe698da281dd1a97
3895,The Gig Is Up,20ea1afb9b9f4773a24cf6900df0e70e
3897,Succeeding with Senior Management,004c93b1cf964fd09c3a286dc23efd06
3899,"Value-Added Selling, Fourth Edition",4cc3d449e0b943269be22341c29138d3
3912,Strategy,2696a12da9f94d51a55ce5d0369cd27a
3913,Heretic,c024a6cea38743a5adcc2b00b93cd86b
3921,How to Deal With a Manipulative Coworker,ae9cab99c4cf4221ad728848dd2933f8
3924,The 5 Essential People Skills,440971518e664ed7a812d24c2e03317e
3936,Blue Ocean Strategy,d335583675db44aa95f8561f42b5b7a5
3940,Making Sense of Coronavirus Mutations,0d834dbe192d4f4dad2395371b1dd107
3941,Trust Factor,18d18d3d00664e4ebde5b5fd176837fc
3942,You Need More Money,65752033912b4b9882f1819a021613d1
3944,The Supply of Disinformation Soon Will Be Infinite,fc741584ba034bb3be52a1f234970069
3965,How Not to Sell,7cd0464fd7d6482797354974f6955055
3967,The Speed of Trust,3366e332c2cf4df1a507c899a1e2bfcd
3971,The Simplicity Principle,15cda56093dc4c438b52cc93f37f97d8
3982,Getting the Right Things Done,f5bb07b9d0994c8ca455063017ec9896
3993,Symphony in C,c68c2ae185c44f908ff6e18c2f6b525a
4002,Brand Relevance,f074492f9e7a4f5da649b0dce12f7cf2
4003,Job Interviews Are Broken. Thereâ€™s a Way to Fix Them.,2b4d3ed9bab843b0a05fc61044a88174
4021,On the Future,a9168a86e839492a9befdb6e56698b07
4024,Explainer: Nine â€˜Tipping Pointsâ€™ that Could Be Triggered by Climate Change,3e1c49cbbec2493d8a400495a9564e38
4044,Are You Job Searching Right?,471bd74b69fd45fdada7f13be1c16af9
4045,The Future Is Asian,5ca59abb35ce4b17b8d22787a20853d3
4046,What It Takes to Be #1,2f2c35a4c6b14ce89693a847067eb5e2
4050,Don't Send a Resume,409283c29d85429fac27783574da8c1a
4070,The 80/20 Principle,0b7c05a48ccf4225996ebc560254d9e5
4073,Fair Play,d06eae2ff02145f987f971a00759551d
4074,Do I Make Myself Clear?,28682e2a4b95461f84d8e3b71bcf7db9
4079,The Upswing,6d039c7c9683472dbed25496a357872e
4091,Resisting the Rise of Facial Recognition,5ce03f20cc4f4a1b9c4664ff259ca3ce
4095,How to Influence People,e03760f0e6994247bc0161d9d7b5ba85
4114,Budget Management With Agile Projects,5d87bfcb305f4cd98970730ea4eeadca
4121,The Art of Leadership,524c8bc148ff4aea9908b0229b59ae25
4133,Hire Purpose,6a8413c72c3e4e87ae0ec4a017fa9342
4137,Fair fÃ¼hren,ac282edce9b2419b92baecffa3c22bde
4139,Frenemies,fdf59fe177ff4c7caeaf86086fd5d0b7
4158,A Cash Management Survival Guide,887e902187014619b17e91b02e5b3973
4162,Boost Business Resilience by Improving Net Working Capital,fd3d2ad5ce974b6993aea4e811363d3f
4168,250 Sales Questions To Close The Deal,dd8690032ce64034a4632f510fe2be1f
4175,Meeting Excellence,b2a44075ec9f4c35afb782d0bbb0682d
4176,Standing in the Fire,5171127bfefd4f05b34e5c8c91f36092
4179,Rethinking Readiness,266d78173a9b4f87a3442abb0ca92288
4180,Classify Viruses â€“ The Gain Is Worth the Pain,e6eb0a23c2a1419e8a04892c2b49c2e1
4182,How to Make Performance Evaluations Really Work,c742c8d512ae442f83b8414d43573cbb
4185,EntreLeadership,776e3cf1f8024767b43dd8a671e6f1cf
4187,Competition Is for Losers,f4023f3165a74928ace65a0dbf6ea6cf
4189,Inside the Black Box,0e863523ee624ad08743a2525098dfeb
4191,Get Out of Your Own Way,718cade836f64010871166078a80ee7d
4197,How to Delegate the Right Tasks to the Right People,2ab9ce3622594cfbba9a5f8b5c8a135a
4200,Shoe Dog,cf0954e7cc534ccaafdc4aba00785cc4
4206,The Art of Managing Emotions,f998624324bf48629bbb25b5871258d2
4215,The Riddle of Experience vs. Memory,f7f7eea8989d47fe8dc7515603d210e2
4225,How Not to Manage People,cc9d2a68f482492ebda4471ecc0c7e96
4229,The Shallows,69b09513fb0047e49fe6f1a661cedca8
4249,The Little Book of Value Investing,1abe04a2311d4f99b561f472d1bc0644
4253,The Billion Dollar Mistake,34d4f458c3c24954b7eafaaf5010eeb2
4254,Leadership in Turbulent Times,5d01b931b45a4d1c88de8e84f5a69a1d
4264,The Time Machine,2782366a943845d592a686addcce31c5
4279,Designed for Digital,f5285033050e4cfb9bcc59e8065b9355
4298,The Bullet Journal Method,14b82ed75152403cb04fc4757e755d13
4300,Do Less,b20e8ac7645c4cb1bc776fcde218ab05
4302,The Enigma of Reason,509b598f436c4a89b944befdce6bd18e
4303,"Go Tech, or Go Extinct",7c5613e5ee3c4805993439bce1affeec
4307,The Ostrich Paradox,9e3dff32c4bb42e2be4eebeb65679901
4309,Why Men Win at Work,9afe31d93b4e47d58f4cc0daccad10c0
4322,Beating Biometric Bias,d8a351a8ed3f4cb8a29e9be49d22598f
4326,How do you teach a car that a snowman wonâ€™t walk across the road?,0f7cf8b771dc4b0cbc1d9402f14ea296
4327,How AI can be a force for good,c3841164ff034d79a021a48dd04f9c98
4329,Consciousness Creep,dad436b70ec64211a3cfcfea8f9d46c3
4330,The Malicious Use of Artificial Intelligence,e0d85a280830427c92f14192b8fec472
4341,Own Your Career Own Your Life,3034a413e2864d1b89fd76fe342c4288
4345,Basic Instincts,00a62dd659de4f1cae560914dda5aeea
4348,Surfing Uncertainty,ab7352e8d6d74d04b355b30c7e4dca1e
4371,Spillover,fa04c548774e4b8c914c8c4f0de71cdc
4470,The Price of Tomorrow,6f86fe965e61419180d1880d5492c749
4605,The New World of Work,bb1ca7b42e9c4b958f013457b79f2531
4611,Smart Cities For Dummies,b6f71a39789544bf9e99a32feaeb41bb
4814,The Creativity Code,8d652900cd95484993f1cfd2ac2e12de
4879,Between Debt and the Devil,9e1b76a753e246349e1899aaf570b506
5402,Talk Like TED,14835ac17d4646bc8e3fafe2ed6d4233
5480,The Return to Study Handbook,38a5c975e967493fbe19d0c69c5303b3
5490,Never Go With Your Gut,e834f00257dc4cd2883b8e0f764e47b4
5559,The Road to Serfdom,b1a5776a099e45f9bec655dfc5175222
5644,Capital et IdÃ©ologie,a20cb43afff346afa0d73cb7ec35a0df
5682,Midnight in Chernobyl,24e35913587a487ea5c2f83f982a2708
5895,Warren Buffett and the Interpretation of Financial Statements,f76ea6a941dd40d7b597e191b907136c
6293,Friction,f3df8c8feb8a4450ad4b2ee7802e89dd
6394,FÃ¼hren als Beruf,78b4672b45704e04abb14a5088438244
6547,Owned,4836427195b1407289131b64f3ca3c7b
6758,The Power of Understanding Yourself,0e530cbffd4f476989b658b709dcf172
6895,On China,e4283a9876324ac1b2e3c4119469a6c1
6960,Frederick Douglass,aecf779bbf3c4ff9ac968681e8b70821
7150,Digital et RH,f5662de77661466eac180c74c42bfa8a
7155,"Girl, Stop Apologizing",7274034f09744c45a04206656ad47ff6
7173,Management : Le manuel complet du management,da73598640c14b18826eb852468c69be
7207,Every Job Is a Sales Job,59e6ccafa1664c5388560635d9366b99
7325,The Haier Model,df2089d2c5014ad39f13a05ad022259d
7542,Connecting the Dots,6c59212e104d4bab980a3008f6fb2416
7672,Teamlead â€“ FÃ¼hrung 4.0,1b6fe7fe9ced4cce825efe16893d2cdb
7950,The One thing,a33b69ba54e74b1cbe947a5b054a11c6
8021,INSPIRED,140577328b904573b811ee18e842929a
8037,Bloodlands,9929e48eb9b049a6876ab73722289e81
8793,Everybody Has a Book Inside of Them,cb19b011144c480898a67ad6e773b731
9188,The Art of Action,61a9eadc748c466fbe129db11eed9d31
9479,Mondays for Future,f7895ae9390746b89448e323f750b518
9626,The Constitution of Liberty,7c5ca9fbb7d145098f17e2716591c9e9
10224,Besser arbeiten,c5c67eaa9b0c42558c6623359ef5e3ca
10762,The Real Wealth of Nations,82d4da20f0bf40b2bfd8aadc0f404961
11072,Reinventing Capitalism in the Age of Big Data,ecdc328fe1504f348176016d67d3b972
11356,The New North,fb17fac48fd24b189f874135e62603a7
11502,The Narrow Corridor,ad82d12b1e5d46c2bf05faf0ca5d3115
11506,Auf die FÃ¼hrungskraft kommt es an!,91a270ce0bee4017906b006d9a9de0e5
11749,Ð‘Ð¸Ñ€ÑŽÐ·Ð¾Ð²Ð¾Ðµ ÑƒÐ¿Ñ€Ð°Ð²Ð»ÐµÐ½Ð¸Ðµ Ð½Ð° Ð¿Ñ€Ð°ÐºÑ‚Ð¸ÐºÐµ,f091c91a67364afa9380e199007e8e6a
13299,That's What She Said,716770e9ac024c4aa4d0836144a5ed7d
13924,Disaster by Choice,c16a695859814975b9fd6d93191211a8
14074,Creating Great Teams,681e0fb7fa9c484989776e88487a5b1e
14593,Courage Goes to Work,48314b4779a244a986824f3e9c8f12e6
14614,Das Ende der Evolution,1fc79a7157224d89ab5338dd07361b0f
14733,The Master Switch,57480260d7b04ffa90b31f0add8ebb7d
14862,Au cÅ“ur de la Blockchain,f4c2296a90f745e3997d39b873e94da9
15356,FÃ¼hrungsstark in alle Richtungen,1fa0c5588fe343749627cf95391ed968
15753,Narrative and Numbers,37b661eb3cba4c15ada981d78e9d2ea7
15897,The Expertise Economy,558ffeea69514fe2ae8943bad9dcdbee
16111,Upheaval,b8138158742249ba8fb7c29def502747
16143,Transformation digitale 2.0,4bcfc4705bec43c1a76a996b97b50e66
16166,Turn The Ship Around!,2725d8d172944e908020ee40077cb204
16590,Eradication,3ee95560372c479eba3253a5165f7ce1
16660,Inspired,bec8f6afcd8d452bb2681f189152e362
16936,The Importance of Small Decisions,f26db6eea73f4c52b44723e88a46aaec
17245,Brave New Work,8478771e8590427cb72b4a2ea8fd8518
17510,Physics of the Future,7db0e7e41a824d4a9ca259354b447819
17664,Rebel Talent,1bf9f2eeb7384a379f1b9bfe3bba2392
17969,MitarbeitergesprÃ¤che,4f7e8ea6a9a84feebd50bf73144891ec
18492,Investing in People; 3rd edition,dc974f5fe9d9432795ed9dfc215c3734
18709,Machtmaschinen,1caa8f30ca2742f9a5d1a6071b49f89b
18877,The Futurist,59be507295ad44ed8952600c9135fd23
19257,True Leadership,f5c364ac6d1f4798b4a8178764f47f77
19499,The Mind of the Leader,7bd5dea535ed418db83dc4517a99c640
19532,Leading With Emotional Courage,bfbbe63b07d249fd9619eb853fda80fb
19653,More Than Just Weather and Music,d4f6f08abdb5463084ef020df061f694
19789,Superfandom,a0fdf767c8144500a7e97d29e4fc43c8
19799,The Vulnerable World Hypothesis,aa22a839e4574c9a86c909fa9a4bb94b
19878,The Index Card,b8493c0f28b74f488ee12d8f762b2767
19974,Dreamland,e615535c4f794f61ac93136a0c7a017e
20086,The Death of Expertise,8ec3cc59ebf145cea5046e2acae0c2b2
20537,Lass mal andere arbeiten!,a17d1f2a402841a38403db4030d76b5a
20543,The Gift of Struggle,9004b606056a476c88c2d32475064e3a
20778,Ninja Selling,5527afce7f05470f902f2da791454bc0
20811,Tout le monde nâ€™a pas eu la chance de rater ses Ã©tudes,acb8e5d0a6d84d399de506d28be12f49
